[
  {
    "index": 0,
    "soal": "O-D-T-R-E-K",
    "tipe": "Profesi",
    "jawaban": "DOKTER"
  },
  {
    "index": 1,
    "soal": "L-I-M-B-O",
    "tipe": "Benda",
    "jawaban": "MOBIL"
  },
  {
    "index": 2,
    "soal": "A-K-H-I-M",
    "tipe": "Profesi",
    "jawaban": "HAKIM"
  },
  {
    "index": 3,
    "soal": "T-R-A-G-I",
    "tipe": "Benda",
    "jawaban": "GITAR"
  },
  {
    "index": 4,
    "soal": "A-P-S-U-I",
    "tipe": "Benda",
    "jawaban": "PISAU"
  },
  {
    "index": 5,
    "soal": "A-P-I-P",
    "tipe": "Benda",
    "jawaban": "PIPA"
  },
  {
    "index": 6,
    "soal": "M-A-Y-A",
    "tipe": "Hewan",
    "jawaban": "AYAM"
  },
  {
    "index": 7,
    "soal": "A-K-P-L-E-A",
    "tipe": "Benda",
    "jawaban": "KEPALA"
  },
  {
    "index": 8,
    "soal": "E-O-N-K-A-R-Y",
    "tipe": "Benda",
    "jawaban": "KERAYON"
  },
  {
    "index": 9,
    "soal": "G-U-N-A",
    "tipe": "Benda",
    "jawaban": "UANG"
  },
  {
    "index": 10,
    "soal": "D-A-K-U",
    "tipe": "Hewan",
    "jawaban": "KUDA"
  },
  {
    "index": 11,
    "soal": "A-T-D-O-N",
    "tipe": "Makanan",
    "jawaban": "DONAT"
  },
  {
    "index": 12,
    "soal": "E-P-I-C",
    "tipe": "Benda",
    "jawaban": "PECI"
  },
  {
    "index": 13,
    "soal": "G-N-U-L-A-M-P",
    "tipe": "Kota",
    "jawaban": "LAMPUNG"
  },
  {
    "index": 14,
    "soal": "B-U-N-R-A-K-U",
    "tipe": "Tempat",
    "jawaban": "KUBURAN"
  },
  {
    "index": 15,
    "soal": "S-A-M-U-K",
    "tipe": "Benda",
    "jawaban": "KAMUS"
  },
  {
    "index": 16,
    "soal": "B-A-R-D-E-E-N",
    "tipe": "Benda",
    "jawaban": "BENDERA"
  },
  {
    "index": 17,
    "soal": "A-N-I-P-O",
    "tipe": "Benda",
    "jawaban": "PIANO"
  },
  {
    "index": 18,
    "soal": "A-B-R-A-N-T-U-M",
    "tipe": "Buah",
    "jawaban": "RAMBUTAN"
  },
  {
    "index": 19,
    "soal": "A-N-G-E-R-U-B",
    "tipe": "Hewan",
    "jawaban": "BERUANG"
  },
  {
    "index": 20,
    "soal": "J-A-M-E",
    "tipe": "Benda",
    "jawaban": "MEJA"
  },
  {
    "index": 21,
    "soal": "B-U-R-N-G-U",
    "tipe": "Hewan",
    "jawaban": "BURUNG"
  },
  {
    "index": 22,
    "soal": "B-E-N-G-N-A-T",
    "tipe": "Hewan",
    "jawaban": "BANTENG"
  },
  {
    "index": 23,
    "soal": "A-N-S-A-N",
    "tipe": "Buah",
    "jawaban": "NANAS"
  },
  {
    "index": 24,
    "soal": "A-I-R-D-U-N",
    "tipe": "Buah",
    "jawaban": "DURIAN"
  },
  {
    "index": 25,
    "soal": "K-A-I-N",
    "tipe": "Hewan",
    "jawaban": "IKAN"
  },
  {
    "index": 26,
    "soal": "I-N-P-U-T",
    "tipe": "Benda",
    "jawaban": "PINTU"
  },
  {
    "index": 27,
    "soal": "A-N-U-M-K-Y",
    "tipe": "Hewan",
    "jawaban": "NYAMUK"
  },
  {
    "index": 28,
    "soal": "A-D-L-A-N-S",
    "tipe": "Benda",
    "jawaban": "SANDAL"
  },
  {
    "index": 29,
    "soal": "A-K-E-B-U-R",
    "tipe": "Hewan",
    "jawaban": "KERBAU"
  },
  {
    "index": 30,
    "soal": "S-T-R-E-A-K",
    "tipe": "Benda",
    "jawaban": "KERTAS"
  },
  {
    "index": 31,
    "soal": "G-E-N-P-O-T",
    "tipe": "Benda",
    "jawaban": "TOPENG"
  },
  {
    "index": 32,
    "soal": "A-S-B-U-N",
    "tipe": "Benda",
    "jawaban": "SABUN"
  },
  {
    "index": 33,
    "soal": "A-U-N-T",
    "tipe": "Hewan",
    "jawaban": "UNTA"
  },
  {
    "index": 34,
    "soal": "I-L-N-I-L",
    "tipe": "Benda",
    "jawaban": "LILIN"
  },
  {
    "index": 35,
    "soal": "M-A-J",
    "tipe": "Benda",
    "jawaban": "JAM"
  },
  {
    "index": 36,
    "soal": "A-K-U-P",
    "tipe": "Benda",
    "jawaban": "PAKU"
  },
  {
    "index": 37,
    "soal": "A-P-I-N-G-S",
    "tipe": "Buah",
    "jawaban": "PISANG"
  },
  {
    "index": 38,
    "soal": "A-T-S",
    "tipe": "Benda",
    "jawaban": "TAS"
  },
  {
    "index": 39,
    "soal": "I-R-K-U-S",
    "tipe": "Benda",
    "jawaban": "KURSI"
  },
  {
    "index": 40,
    "soal": "I-P-S-A",
    "tipe": "Hewan",
    "jawaban": "SAPI"
  },
  {
    "index": 41,
    "soal": "B-A-N-G-K-I-M",
    "tipe": "Hewan",
    "jawaban": "KAMBING"
  },
  {
    "index": 42,
    "soal": "R-A-U-L",
    "tipe": "Hewan",
    "jawaban": "ULAR"
  },
  {
    "index": 43,
    "soal": "A-L-B-T-A-N",
    "tipe": "Benda",
    "jawaban": "BANTAL"
  },
  {
    "index": 44,
    "soal": "E-L-M-I-R-A",
    "tipe": "Benda",
    "jawaban": "LEMARI"
  },
  {
    "index": 45,
    "soal": "S-U-I-T",
    "tipe": "Benda",
    "jawaban": "TISU"
  },
  {
    "index": 46,
    "soal": "G-I-N-R-I-P",
    "tipe": "Benda",
    "jawaban": "PIRING"
  },
  {
    "index": 47,
    "soal": "A-L-B-I",
    "tipe": "Tempat",
    "jawaban": "BALI"
  },
  {
    "index": 48,
    "soal": "S-P-I-N-E-L",
    "tipe": "Benda",
    "jawaban": "PENSIL"
  },
  {
    "index": 49,
    "soal": "T-U-B-A",
    "tipe": "Benda",
    "jawaban": "BATU"
  },
  {
    "index": 50,
    "soal": "A-T-A-B",
    "tipe": "Benda",
    "jawaban": "BATA"
  },
  {
    "index": 51,
    "soal": "A-P-U-S",
    "tipe": "Benda",
    "jawaban": "SAPU"
  },
  {
    "index": 52,
    "soal": "B-R-O-G-O",
    "tipe": "Kota",
    "jawaban": "BOGOR"
  },
  {
    "index": 53,
    "soal": "A-N-I-S-U-L-K",
    "tipe": "Benda",
    "jawaban": "LUKISAN"
  },
  {
    "index": 54,
    "soal": "K-U-S-A-L-K",
    "tipe": "Benda",
    "jawaban": "KULKAS"
  },
  {
    "index": 55,
    "soal": "A-K-D-A-B",
    "tipe": "Hewan",
    "jawaban": "BADAK"
  },
  {
    "index": 56,
    "soal": "A-H-J-A-G",
    "tipe": "Hewan",
    "jawaban": "GAJAH"
  },
  {
    "index": 57,
    "soal": "A-N-Y-P-U-G",
    "tipe": "Benda",
    "jawaban": "PAYUNG"
  },
  {
    "index": 58,
    "soal": "A-D-H-U-N-K",
    "tipe": "Benda",
    "jawaban": "HANDUK"
  },
  {
    "index": 59,
    "soal": "A-S-M-A-N-G-E",
    "tipe": "Buah",
    "jawaban": "SEMANGKA"
  },
  {
    "index": 60,
    "soal": "A-S-E-T-U-P",
    "tipe": "Benda",
    "jawaban": "SEPATU"
  },
  {
    "index": 61,
    "soal": "G-U-R-A-P",
    "tipe": "Benda",
    "jawaban": "GARPU"
  },
  {
    "index": 62,
    "soal": "C-U-K-I-N-G",
    "tipe": "Hewan",
    "jawaban": "KUCING"
  },
  {
    "index": 63,
    "soal": "B-A-M-O-D",
    "tipe": "Hewan",
    "jawaban": "DOMBA"
  },
  {
    "index": 64,
    "soal": "T-H-O-L-E",
    "tipe": "Tempat",
    "jawaban": "HOTEL"
  },
  {
    "index": 65,
    "soal": "H-E-A-P-J-A-R",
    "tipe": "Hewan",
    "jawaban": "JERAPAH"
  },
  {
    "index": 66,
    "soal": "L-A-T-H-E",
    "tipe": "Tempat",
    "jawaban": "HALTE"
  },
  {
    "index": 67,
    "soal": "E-R-I-C-M-N",
    "tipe": "Benda",
    "jawaban": "CERMIN"
  },
  {
    "index": 68,
    "soal": "M-O-P-E-T-U-R-K",
    "tipe": "Benda",
    "jawaban": "KOMPUTER"
  },
  {
    "index": 69,
    "soal": "M-E-T-R-O-S",
    "tipe": "Benda",
    "jawaban": "TERMOS"
  },
  {
    "index": 70,
    "soal": "A-C-L-E-A-N",
    "tipe": "Benda",
    "jawaban": "CELANA"
  },
  {
    "index": 71,
    "soal": "A-I-R-I-T",
    "tipe": "Benda",
    "jawaban": "TIRAI"
  },
  {
    "index": 72,
    "soal": "A-N-D-R-A-B-A",
    "tipe": "Tempat",
    "jawaban": "BANDARA"
  },
  {
    "index": 73,
    "soal": "S-U-U-S",
    "tipe": "Organ",
    "jawaban": "USUS"
  },
  {
    "index": 74,
    "soal": "A-G-E-N-T-N-B",
    "tipe": "Hewan",
    "jawaban": "BANTENG"
  },
  {
    "index": 75,
    "soal": "A-K-A-D-B",
    "tipe": "Hewan",
    "jawaban": "BADAK"
  },
  {
    "index": 76,
    "soal": "E-M-N-O-L",
    "tipe": "Buah",
    "jawaban": "LEMON"
  },
  {
    "index": 77,
    "soal": "D-A-N-N-A-K-G",
    "tipe": "Tempat",
    "jawaban": "KANDANG"
  },
  {
    "index": 78,
    "soal": "A-P-S-I-N-G",
    "tipe": "Buah",
    "jawaban": "PISANG"
  },
  {
    "index": 79,
    "soal": "L-I-S-E-T-T-A",
    "tipe": "Benda",
    "jawaban": "SATELIT"
  },
  {
    "index": 80,
    "soal": "A-K-E-B-C",
    "tipe": "Benda",
    "jawaban": "BECAK"
  },
  {
    "index": 81,
    "soal": "A-N-A-B-U-G",
    "tipe": "Hewan",
    "jawaban": "BANGAU"
  },
  {
    "index": 82,
    "soal": "A-N-B-U-G",
    "tipe": "Tumbuhan",
    "jawaban": "BUNGA"
  },
  {
    "index": 83,
    "soal": "I-P-T-U-N",
    "tipe": "Benda",
    "jawaban": "PINTU"
  },
  {
    "index": 84,
    "soal": "I-P-K-O",
    "tipe": "Benda",
    "jawaban": "KOPI"
  },
  {
    "index": 85,
    "soal": "A-K-R-U-B-E",
    "tipe": "Hewan",
    "jawaban": "KERBAU"
  },
  {
    "index": 86,
    "soal": "D-I-N-G-U-H",
    "tipe": "Bagian Tubuh",
    "jawaban": "HIDUNG"
  },
  {
    "index": 87,
    "soal": "L-I-P-T-O",
    "tipe": "Pekerjaan",
    "jawaban": "PILOT"
  },
  {
    "index": 88,
    "soal": "A-C-L-E-A-N",
    "tipe": "Benda",
    "jawaban": "CELANA"
  },
  {
    "index": 89,
    "soal": "H-A-N-A-L-A-M",
    "tipe": "BENDA",
    "jawaban": "HALAMAN"
  },
  {
    "index": 90,
    "soal": "G-A-B-W-A-N",
    "tipe": "Tumbuhan",
    "jawaban": "BAWANG"
  },
  {
    "index": 91,
    "soal": "U-C-T-A-R",
    "tipe": "Benda",
    "jawaban": "CATUR"
  },
  {
    "index": 92,
    "soal": "M-R-T-O-O",
    "tipe": "Benda",
    "jawaban": "MOTOR"
  },
  {
    "index": 93,
    "soal": "L-E-A-K-S",
    "tipe": "Tempat",
    "jawaban": "KELAS"
  },
  {
    "index": 94,
    "soal": "A-K-E-H-O-L-S",
    "tipe": "Tempat",
    "jawaban": "SEKOLAH"
  },
  {
    "index": 95,
    "soal": "J-I-G-N-A-N",
    "tipe": "Hewan",
    "jawaban": "ANJING"
  },
  {
    "index": 96,
    "soal": "S-A-B-E-R",
    "tipe": "Benda",
    "jawaban": "BERAS"
  },
  {
    "index": 97,
    "soal": "M-U-T-E-S",
    "tipe": "Hewan",
    "jawaban": "SEMUT"
  },
  {
    "index": 98,
    "soal": "D-A-K-U-H-N",
    "tipe": "Benda",
    "jawaban": "HANDUK"
  },
  {
    "index": 99,
    "soal": "A-L-E-N-E-D-J",
    "tipe": "Benda",
    "jawaban": "JENDELA"
  },
  {
    "index": 100,
    "soal": "A-U-G-I-N-S",
    "tipe": "Tempat",
    "jawaban": "SUNGAI"
  },
  {
    "index": 101,
    "soal": "A-K-P-E-A-L",
    "tipe": "Buah",
    "jawaban": "KELAPA"
  },
  {
    "index": 102,
    "soal": "G-L-U-O-N-N-B",
    "tipe": "Hewan",
    "jawaban": "BUNGLON"
  },
  {
    "index": 103,
    "soal": "A-A-R-C",
    "tipe": "Makanan",
    "jawaban": "ACAR"
  },
  {
    "index": 104,
    "soal": "E-L-H-A-T",
    "tipe": "Tempst",
    "jawaban": "HALTE"
  },
  {
    "index": 105,
    "soal": "A-H-A-W-S",
    "tipe": "Tempat",
    "jawaban": "SAWAH"
  },
  {
    "index": 106,
    "soal": "D-A-R-A-B-A-N",
    "tipe": "Tempat",
    "jawaban": "BANDARA"
  },
  {
    "index": 107,
    "soal": "U-H-I",
    "tipe": "Hewan",
    "jawaban": "HIU"
  },
  {
    "index": 108,
    "soal": "L-O-K",
    "tipe": "Sayuran",
    "jawaban": "KOL"
  },
  {
    "index": 109,
    "soal": "N-A-B",
    "tipe": "Benda",
    "jawaban": "BAN"
  },
  {
    "index": 110,
    "soal": "B-R-O",
    "tipe": "Benda",
    "jawaban": "BOR"
  },
  {
    "index": 111,
    "soal": "E-R-P",
    "tipe": "Benda",
    "jawaban": "PER"
  },
  {
    "index": 112,
    "soal": "A-U-J-B",
    "tipe": "Tempat",
    "jawaban": "BAJU"
  },
  {
    "index": 113,
    "soal": "P-E-A-L",
    "tipe": "Buah",
    "jawaban": "APEL"
  },
  {
    "index": 114,
    "soal": "K-U-B-U",
    "tipe": "Benda",
    "jawaban": "BUKU"
  },
  {
    "index": 115,
    "soal": "B-A-L-O",
    "tipe": "Benda",
    "jawaban": "BOLA"
  },
  {
    "index": 116,
    "soal": "A-C-B-E",
    "tipe": "Sayuran",
    "jawaban": "CABE"
  },
  {
    "index": 117,
    "soal": "F-I-R-E",
    "tipe": "Benda",
    "jawaban": "FERI"
  },
  {
    "index": 118,
    "soal": "R-U-I-N",
    "tipe": "Hewan",
    "jawaban": "NURI"
  },
  {
    "index": 119,
    "soal": "Y-O-O-Y",
    "tipe": "Benda",
    "jawaban": "YOYO"
  },
  {
    "index": 120,
    "soal": "F-A-S-O",
    "tipe": "Benda",
    "jawaban": "SOFA"
  },
  {
    "index": 121,
    "soal": "I-L-T-A",
    "tipe": "Benda",
    "jawaban": "TALI"
  },
  {
    "index": 122,
    "soal": "S-U-R-A",
    "tipe": "Hewan",
    "jawaban": "RUSA"
  },
  {
    "index": 123,
    "soal": "P-A-U-L",
    "tipe": "Benda",
    "jawaban": "PALU"
  },
  {
    "index": 124,
    "soal": "E-L-E-L",
    "tipe": "Hewan",
    "jawaban": "LELE"
  },
  {
    "index": 125,
    "soal": "P-I-T-O",
    "tipe": "Benda",
    "jawaban": "TOPI"
  },
  {
    "index": 126,
    "soal": "A-B-U-L",
    "tipe": "Sayuran",
    "jawaban": "LABU"
  },
  {
    "index": 127,
    "soal": "A-Y-U-K",
    "tipe": "Benda",
    "jawaban": "KAYU"
  },
  {
    "index": 128,
    "soal": "L-I-C-E",
    "tipe": "Buah",
    "jawaban": "LECI"
  },
  {
    "index": 129,
    "soal": "L-A-J-A",
    "tipe": "Benda",
    "jawaban": "JALA"
  },
  {
    "index": 130,
    "soal": "S-A-U-K",
    "tipe": "Benda",
    "jawaban": "KUAS"
  },
  {
    "index": 131,
    "soal": "D-I-A-S",
    "tipe": "Benda",
    "jawaban": "DASI"
  },
  {
    "index": 132,
    "soal": "L-A-U-T",
    "tipe": "Hewan",
    "jawaban": "ULAT"
  },
  {
    "index": 133,
    "soal": "G-A-N-T",
    "tipe": "Benda",
    "jawaban": "TANG"
  },
  {
    "index": 134,
    "soal": "A-P-U-S",
    "tipe": "Hewan",
    "jawaban": "PAUS"
  },
  {
    "index": 135,
    "soal": "U-U-Y-Y",
    "tipe": "Hewan",
    "jawaban": "YUYU"
  },
  {
    "index": 136,
    "soal": "A-W-I-S",
    "tipe": "Sayuran",
    "jawaban": "SAWI"
  },
  {
    "index": 137,
    "soal": "E-T-G-O",
    "tipe": "Sayuran",
    "jawaban": "TOGE"
  },
  {
    "index": 138,
    "soal": "A-S-O-W",
    "tipe": "Buah",
    "jawaban": "SAWO"
  },
  {
    "index": 139,
    "soal": "R-I-C-E",
    "tipe": "Buah",
    "jawaban": "CERI"
  },
  {
    "index": 140,
    "soal": "I-K-A-L",
    "tipe": "Benda",
    "jawaban": "KAIL"
  },
  {
    "index": 141,
    "soal": "A-R-E-P",
    "tipe": "Sayuran",
    "jawaban": "PARE"
  },
  {
    "index": 142,
    "soal": "D-A-R-O",
    "tipe": "Benda",
    "jawaban": "RODA"
  },
  {
    "index": 143,
    "soal": "L-E-M-H",
    "tipe": "Benda",
    "jawaban": "HELM"
  },
  {
    "index": 144,
    "soal": "P-A-L-E",
    "tipe": "Buah",
    "jawaban": "APEL"
  },
  {
    "index": 145,
    "soal": "R-U-M-D",
    "tipe": "Benda",
    "jawaban": "DRUM"
  },
  {
    "index": 146,
    "soal": "A-R-E-K",
    "tipe": "Hewan",
    "jawaban": "KERA"
  },
  {
    "index": 147,
    "soal": "K-A-N-T",
    "tipe": "Benda",
    "jawaban": "TANK"
  },
  {
    "index": 148,
    "soal": "U-R-U-G",
    "tipe": "Pekerjaan",
    "jawaban": "GURU"
  },
  {
    "index": 149,
    "soal": "K-O-I-K",
    "tipe": "Pekerjaan",
    "jawaban": "KOKI"
  },
  {
    "index": 150,
    "soal": "A-M-P-U-L",
    "tipe": "Benda",
    "jawaban": "LAMPU"
  },
  {
    "index": 151,
    "soal": "J-R-U-K-E",
    "tipe": "Buah",
    "jawaban": "JERUK"
  },
  {
    "index": 152,
    "soal": "G-A-L-E-N",
    "tipe": "Hewan",
    "jawaban": "ELANG"
  },
  {
    "index": 153,
    "soal": "B-E-R-E-M",
    "tipe": "Benda",
    "jawaban": "EMBER"
  },
  {
    "index": 154,
    "soal": "B-E-G-O-N",
    "tipe": "Benda",
    "jawaban": "OBENG"
  },
  {
    "index": 155,
    "soal": "A-A-L-I-P",
    "tipe": "Benda",
    "jawaban": "PIALA"
  },
  {
    "index": 156,
    "soal": "H-A-R-U-M",
    "tipe": "Benda",
    "jawaban": "RUMAH"
  },
  {
    "index": 157,
    "soal": "G-A-I-N-S",
    "tipe": "Hewan",
    "jawaban": "SINGA"
  },
  {
    "index": 158,
    "soal": "K-U-S-I-T",
    "tipe": "Hewan",
    "jawaban": "TIKUS"
  },
  {
    "index": 159,
    "soal": "J-A-W-N-A",
    "tipe": "Benda",
    "jawaban": "WAJAN"
  },
  {
    "index": 160,
    "soal": "B-R-A-Z-E",
    "tipe": "Hewan",
    "jawaban": "ZEBRA"
  },
  {
    "index": 161,
    "soal": "L-I-T-O-R",
    "tipe": "Benda",
    "jawaban": "TROLI"
  },
  {
    "index": 162,
    "soal": "A-C-M-A-N",
    "tipe": "Hewan",
    "jawaban": "MACAN"
  },
  {
    "index": 163,
    "soal": "M-I-N-U-T",
    "tipe": "Sayuran",
    "jawaban": "TIMUN"
  },
  {
    "index": 164,
    "soal": "B-A-N-O-L",
    "tipe": "Benda",
    "jawaban": "BALON"
  },
  {
    "index": 165,
    "soal": "P-A-N-I-C",
    "tipe": "Benda",
    "jawaban": "PANCI"
  },
  {
    "index": 166,
    "soal": "C-U-I-N-K",
    "tipe": "Benda",
    "jawaban": "KUNCI"
  },
  {
    "index": 167,
    "soal": "A-P-A-N-D",
    "tipe": "Hewan",
    "jawaban": "PANDA"
  },
  {
    "index": 168,
    "soal": "A-D-N-E-T",
    "tipe": "Benda",
    "jawaban": "TENDA"
  },
  {
    "index": 169,
    "soal": "N-O-B-I-S",
    "tipe": "Hewan",
    "jawaban": "BISON"
  },
  {
    "index": 170,
    "soal": "E-L-M-O-N",
    "tipe": "Buah",
    "jawaban": "MELON"
  },
  {
    "index": 171,
    "soal": "A-T-R-I-P",
    "tipe": "Hewan",
    "jawaban": "TAPIR"
  },
  {
    "index": 172,
    "soal": "S-I-R-S-I",
    "tipe": "Benda",
    "jawaban": "SISIR"
  },
  {
    "index": 173,
    "soal": "R-U-S-A-K",
    "tipe": "Benda",
    "jawaban": "KASUR"
  },
  {
    "index": 174,
    "soal": "P-O-K-E-R",
    "tipe": "Benda",
    "jawaban": "KOPER"
  },
  {
    "index": 175,
    "soal": "A-L-E-G-S",
    "tipe": "Benda",
    "jawaban": "GELAS"
  },
  {
    "index": 176,
    "soal": "A-D-G-U-N",
    "tipe": "Hewan",
    "jawaban": "UDANG"
  },
  {
    "index": 177,
    "soal": "S-P-I-N-O",
    "tipe": "Benda",
    "jawaban": "SPION"
  },
  {
    "index": 178,
    "soal": "A-T-A-L-L",
    "tipe": "Hewan",
    "jawaban": "LALAT"
  },
  {
    "index": 179,
    "soal": "J-A-B-M-U",
    "tipe": "Buah",
    "jawaban": "JAMBU"
  },
  {
    "index": 180,
    "soal": "A-P-O-M-P",
    "tipe": "Benda",
    "jawaban": "POMPA"
  },
  {
    "index": 181,
    "soal": "A-M-U-J-R",
    "tipe": "Benda",
    "jawaban": "JARUM"
  },
  {
    "index": 182,
    "soal": "S-K-E-E-T",
    "tipe": "Benda",
    "jawaban": "KESET"
  },
  {
    "index": 183,
    "soal": "A-U-B-A-Y",
    "tipe": "Hewan",
    "jawaban": "BUAYA"
  },
  {
    "index": 184,
    "soal": "I-T-A-S-K",
    "tipe": "Benda",
    "jawaban": "SIKAT"
  },
  {
    "index": 185,
    "soal": "M-O-T-A-T",
    "tipe": "Buah",
    "jawaban": "TOMAT"
  },
  {
    "index": 186,
    "soal": "K-E-R-T-O",
    "tipe": "Benda",
    "jawaban": "ROKET"
  },
  {
    "index": 187,
    "soal": "T-A-K-E-R",
    "tipe": "Benda",
    "jawaban": "RAKET"
  },
  {
    "index": 188,
    "soal": "M-E-T-R-O",
    "tipe": "Benda",
    "jawaban": "REMOT"
  },
  {
    "index": 189,
    "soal": "B-E-L-A-H",
    "tipe": "Hewan",
    "jawaban": "LEBAH"
  },
  {
    "index": 190,
    "soal": "C-I-A-K-C",
    "tipe": "Hewan",
    "jawaban": "CICAK"
  },
  {
    "index": 191,
    "soal": "A-K-G-A-G",
    "tipe": "Hewan",
    "jawaban": "GAGAK"
  },
  {
    "index": 192,
    "soal": "L-A-S-K-A",
    "tipe": "Buah",
    "jawaban": "SALAK"
  },
  {
    "index": 193,
    "soal": "B-A-S-K-A",
    "tipe": "Benda",
    "jawaban": "ASBAK"
  },
  {
    "index": 194,
    "soal": "L-O-B-T-O",
    "tipe": "Benda",
    "jawaban": "BOTOL"
  },
  {
    "index": 195,
    "soal": "G-A-B-O-N",
    "tipe": "Hewan",
    "jawaban": "BANGO"
  },
  {
    "index": 196,
    "soal": "C-O-K-E-A",
    "tipe": "Hewan",
    "jawaban": "KECOA"
  },
  {
    "index": 197,
    "soal": "P-U-T-I-A",
    "tipe": "Hewan",
    "jawaban": "TUPAI"
  },
  {
    "index": 198,
    "soal": "B-A-O-I-L",
    "tipe": "Benda",
    "jawaban": "BIOLA"
  },
  {
    "index": 199,
    "soal": "A-K-A-L-O",
    "tipe": "Hewan",
    "jawaban": "KOALA"
  },
  {
    "index": 200,
    "soal": "S-I-B-U-K",
    "tipe": "Sayuran",
    "jawaban": "KUBIS"
  },
  {
    "index": 201,
    "soal": "A-B-A-M-Y",
    "tipe": "Sayuran",
    "jawaban": "BAYAM"
  },
  {
    "index": 202,
    "soal": "M-U-R-A-J",
    "tipe": "Sayuran",
    "jawaban": "JAMUR"
  },
  {
    "index": 203,
    "soal": "L-I-U-K-A",
    "tipe": "Benda",
    "jawaban": "KUALI"
  },
  {
    "index": 204,
    "soal": "S-A-G-A-N",
    "tipe": "Hewan",
    "jawaban": "ANGSA"
  },
  {
    "index": 205,
    "soal": "N-A-B-O-D",
    "tipe": "Benda",
    "jawaban": "BANDO"
  },
  {
    "index": 206,
    "soal": "S-T-A-K-E",
    "tipe": "Benda",
    "jawaban": "KASET"
  },
  {
    "index": 207,
    "soal": "G-A-P-A-R",
    "tipe": "Benda",
    "jawaban": "PAGAR"
  },
  {
    "index": 208,
    "soal": "K-U-R-A-N",
    "tipe": "Hewan",
    "jawaban": "RAKUN"
  },
  {
    "index": 209,
    "soal": "B-L-A-K-E",
    "tipe": "Benda",
    "jawaban": "KABEL"
  },
  {
    "index": 210,
    "soal": "B-R-O-T-O",
    "tipe": "Benda",
    "jawaban": "ROBOT"
  },
  {
    "index": 211,
    "soal": "G-A-E-L-S",
    "tipe": "Benda",
    "jawaban": "GELAS"
  },
  {
    "index": 212,
    "soal": "P-I-S-K-A",
    "tipe": "Benda",
    "jawaban": "KIPAS"
  },
  {
    "index": 213,
    "soal": "K-E-R-O-K",
    "tipe": "Benda",
    "jawaban": "KOREK"
  },
  {
    "index": 214,
    "soal": "A-L-O-N-G",
    "tipe": "Benda",
    "jawaban": "GALON"
  },
  {
    "index": 215,
    "soal": "A-C-I-N-D",
    "tipe": "Benda",
    "jawaban": "CANDI"
  },
  {
    "index": 216,
    "soal": "E-N-Y-U-P",
    "tipe": "Hewan",
    "jawaban": "PENYU"
  },
  {
    "index": 217,
    "soal": "A-P-I-O-N",
    "tipe": "Benda",
    "jawaban": "PIANO"
  },
  {
    "index": 218,
    "soal": "R-U-R-I-K",
    "tipe": "Pekerjaan",
    "jawaban": "KURIR"
  },
  {
    "index": 219,
    "soal": "P-U-S-R-I",
    "tipe": "Pekerjaan",
    "jawaban": "SUPIR"
  },
  {
    "index": 220,
    "soal": "A-K-R-I-S",
    "tipe": "Pekerjaan",
    "jawaban": "KASIR"
  },
  {
    "index": 221,
    "soal": "L-A-T-T-E",
    "tipe": "Profesi",
    "jawaban": "ATLET"
  },
  {
    "index": 222,
    "soal": "P-I-K-E-R",
    "tipe": "Profesi",
    "jawaban": "KIPER"
  },
  {
    "index": 223,
    "soal": "W-A-I-T-S",
    "tipe": "Profesi",
    "jawaban": "WASIT"
  },
  {
    "index": 224,
    "soal": "B-I-B-A-T",
    "tipe": "Pekerjaan",
    "jawaban": "TABIB"
  },
  {
    "index": 225,
    "soal": "R-I-K-U-S",
    "tipe": "Pekerjaan",
    "jawaban": "KUSIR"
  },
  {
    "index": 226,
    "soal": "H-A-N-T-U",
    "tipe": "Tempat",
    "jawaban": "HUTAN"
  },
  {
    "index": 227,
    "soal": "D-R-A-U-P",
    "tipe": "Tempat",
    "jawaban": "DAPUR"
  },
  {
    "index": 228,
    "soal": "M-A-N-T-A",
    "tipe": "Tempat",
    "jawaban": "TAMAN"
  },
  {
    "index": 229,
    "soal": "P-A-R-A-S",
    "tipe": "Tempat",
    "jawaban": "PASAR"
  },
  {
    "index": 230,
    "soal": "B-A-K-E-O-N",
    "tipe": "Benda",
    "jawaban": "BONEKA"
  },
  {
    "index": 231,
    "soal": "J-A-K-E-M-E",
    "tipe": "Benda",
    "jawaban": "KEMEJA"
  },
  {
    "index": 232,
    "soal": "G-I-A-N-U-A",
    "tipe": "Hewan",
    "jawaban": "IGUANA"
  },
  {
    "index": 233,
    "soal": "H-A-R-E-U-P",
    "tipe": "Benda",
    "jawaban": "PERAHU"
  },
  {
    "index": 234,
    "soal": "A-M-A-K-E-R",
    "tipe": "Benda",
    "jawaban": "KAMERA"
  },
  {
    "index": 235,
    "soal": "D-A-P-E-S-E",
    "tipe": "Benda",
    "jawaban": "SEPEDA"
  },
  {
    "index": 236,
    "soal": "R-E-T-A-K-E",
    "tipe": "Benda",
    "jawaban": "KERETA"
  },
  {
    "index": 237,
    "soal": "G-U-I-T-A-R",
    "tipe": "Hewan",
    "jawaban": "GURITA"
  },
  {
    "index": 238,
    "soal": "A-P-E-P-A-Y",
    "tipe": "Buah",
    "jawaban": "PEPAYA"
  },
  {
    "index": 239,
    "soal": "A-K-L-U-N-G",
    "tipe": "Benda",
    "jawaban": "KALUNG"
  },
  {
    "index": 240,
    "soal": "N-A-T-A-N-E",
    "tipe": "Benda",
    "jawaban": "ANTENA"
  },
  {
    "index": 241,
    "soal": "G-R-A-N-G-U",
    "tipe": "Buah",
    "jawaban": "ANGGUR"
  },
  {
    "index": 242,
    "soal": "C-R-A-S-K-I",
    "tipe": "Benda",
    "jawaban": "KARCIS"
  },
  {
    "index": 243,
    "soal": "P-E-G-S-E-R",
    "tipe": "Benda",
    "jawaban": "GESPER"
  },
  {
    "index": 244,
    "soal": "A-G-N-A-K-C",
    "tipe": "Sayuran",
    "jawaban": "KACANG"
  },
  {
    "index": 245,
    "soal": "J-I-G-K-A-N",
    "tipe": "Hewan",
    "jawaban": "KIJANG"
  },
  {
    "index": 246,
    "soal": "N-A-G-W-A-G",
    "tipe": "Benda",
    "jawaban": "GAWANG"
  },
  {
    "index": 247,
    "soal": "K-O-D-O-M-O",
    "tipe": "Hewan",
    "jawaban": "KOMODO"
  },
  {
    "index": 248,
    "soal": "G-L-U-I-N-G",
    "tipe": "Benda",
    "jawaban": "GULING"
  },
  {
    "index": 249,
    "soal": "A-N-G-Y-G-U",
    "tipe": "Benda",
    "jawaban": "GAYUNG"
  },
  {
    "index": 250,
    "soal": "G-E-R-N-O-T",
    "tipe": "Sayuran",
    "jawaban": "TERONG"
  },
  {
    "index": 251,
    "soal": "N-A-T-I-N-G",
    "tipe": "Benda",
    "jawaban": "ANTING"
  },
  {
    "index": 252,
    "soal": "K-R-O-O-M-P",
    "tipe": "Benda",
    "jawaban": "KOMPOR"
  },
  {
    "index": 253,
    "soal": "M-U-S-P-I-T",
    "tipe": "Benda",
    "jawaban": "SUMPIT"
  },
  {
    "index": 254,
    "soal": "D-E-M-O-P-T",
    "tipe": "Benda",
    "jawaban": "DOMPET"
  },
  {
    "index": 255,
    "soal": "A-G-N-I-C-C",
    "tipe": "Hewan",
    "jawaban": "CACING"
  },
  {
    "index": 256,
    "soal": "C-U-P-A-N-G",
    "tipe": "Hewan",
    "jawaban": "CAPUNG"
  },
  {
    "index": 257,
    "soal": "G-M-K-O-B-E",
    "tipe": "Benda",
    "jawaban": "GEMBOK"
  },
  {
    "index": 258,
    "soal": "G-A-N-B-U-K",
    "tipe": "Benda",
    "jawaban": "BANGKU"
  },
  {
    "index": 259,
    "soal": "C-C-I-I-N-N",
    "tipe": "Benda",
    "jawaban": "CINCIN"
  },
  {
    "index": 260,
    "soal": "D-O-S-K-E-N",
    "tipe": "Benda",
    "jawaban": "SENDOK"
  },
  {
    "index": 261,
    "soal": "G-R-O-L-O-B",
    "tipe": "Benda",
    "jawaban": "BORGOL"
  },
  {
    "index": 262,
    "soal": "C-A-L-K-I-N",
    "tipe": "Hewan",
    "jawaban": "KANCIL"
  },
  {
    "index": 263,
    "soal": "L-O-W-E-R-T",
    "tipe": "Sayuran",
    "jawaban": "WORTEL"
  },
  {
    "index": 264,
    "soal": "E-T-O-N-M-Y",
    "tipe": "Hewan",
    "jawaban": "MONYET"
  },
  {
    "index": 265,
    "soal": "A-N-I-T-R-A",
    "tipe": "Benda",
    "jawaban": "RANTAI"
  },
  {
    "index": 266,
    "soal": "J-U-G-N-A-G",
    "tipe": "Sayuran",
    "jawaban": "JAGUNG"
  },
  {
    "index": 267,
    "soal": "A-R-I-P-K-T",
    "tipe": "Hewan",
    "jawaban": "PARKIT"
  },
  {
    "index": 268,
    "soal": "G-U-S-M-A-N",
    "tipe": "Hewan",
    "jawaban": "MUSANG"
  },
  {
    "index": 269,
    "soal": "A-N-D-A-K-L",
    "tipe": "Hewan",
    "jawaban": "LANDAK"
  },
  {
    "index": 270,
    "soal": "B-I-C-N-U-S",
    "tipe": "Sayuran",
    "jawaban": "BUNCIS"
  },
  {
    "index": 271,
    "soal": "M-E-D-I-A-L",
    "tipe": "Buah",
    "jawaban": "DELIMA"
  },
  {
    "index": 272,
    "soal": "M-A-R-C-I-E",
    "tipe": "Buah",
    "jawaban": "CERMAI"
  },
  {
    "index": 273,
    "soal": "G-A-N-G-M-A",
    "tipe": "Buah",
    "jawaban": "MANGGA"
  },
  {
    "index": 274,
    "soal": "A-K-B-A-W-I",
    "tipe": "Hewan",
    "jawaban": "BIAWAK"
  },
  {
    "index": 275,
    "soal": "C-A-K-E-P-I",
    "tipe": "Benda",
    "jawaban": "KECAPI"
  },
  {
    "index": 276,
    "soal": "E-L-G-A-N-G",
    "tipe": "Benda",
    "jawaban": "GELANG"
  },
  {
    "index": 277,
    "soal": "A-N-N-A-K-G",
    "tipe": "Buah",
    "jawaban": "NANGKA"
  },
  {
    "index": 278,
    "soal": "S-K-A-S-R-I",
    "tipe": "Buah",
    "jawaban": "SIRSAK"
  },
  {
    "index": 279,
    "soal": "R-E-S-E-N-T",
    "tipe": "Benda",
    "jawaban": "SENTER"
  },
  {
    "index": 280,
    "soal": "P-A-N-G-E-D",
    "tipe": "Benda",
    "jawaban": "PEDANG"
  },
  {
    "index": 281,
    "soal": "G-A-T-A-N-G",
    "tipe": "Benda",
    "jawaban": "TANGGA"
  },
  {
    "index": 282,
    "soal": "H-E-A-R-U-P",
    "tipe": "Benda",
    "jawaban": "PERAHU"
  },
  {
    "index": 283,
    "soal": "A-K-A-K-P-M",
    "tipe": "Benda",
    "jawaban": "KAMPAK"
  },
  {
    "index": 284,
    "soal": "I-S-P-O-I-L",
    "tipe": "Profesi",
    "jawaban": "POLISI"
  },
  {
    "index": 285,
    "soal": "L-E-T-A-P-U",
    "tipe": "Profesi",
    "jawaban": "PELAUT"
  },
  {
    "index": 286,
    "soal": "A-W-L-P-O-N",
    "tipe": "Profesi",
    "jawaban": "POLWAN"
  },
  {
    "index": 287,
    "soal": "R-U-S-S-E-T",
    "tipe": "Profesi",
    "jawaban": "SUSTER"
  },
  {
    "index": 288,
    "soal": "I-L-K-I-N-K",
    "tipe": "Tempat",
    "jawaban": "KLINIK"
  },
  {
    "index": 289,
    "soal": "T-O-P-E-K-A",
    "tipe": "Tempat",
    "jawaban": "APOTEK"
  },
  {
    "index": 290,
    "soal": "K-A-R-T-O-N",
    "tipe": "Tempat",
    "jawaban": "KANTOR"
  },
  {
    "index": 291,
    "soal": "G-U-N-W-A-R",
    "tipe": "Tempat",
    "jawaban": "WARUNG"
  },
  {
    "index": 292,
    "soal": "G-U-N-G-U-N",
    "tipe": "Tempat",
    "jawaban": "GUNUNG"
  },
  {
    "index": 293,
    "soal": "B-A-R-K-I-P",
    "tipe": "Tempat",
    "jawaban": "PABRIK"
  },
  {
    "index": 294,
    "soal": "I-C-E-L-I-N-K",
    "tipe": "Hewan",
    "jawaban": "KELINCI"
  },
  {
    "index": 295,
    "soal": "K-I-R-A-S-E-T",
    "tipe": "Benda",
    "jawaban": "SETRIKA"
  },
  {
    "index": 296,
    "soal": "G-A-N-T-K-E-N",
    "tipe": "Sayuran",
    "jawaban": "KENTANG"
  },
  {
    "index": 297,
    "soal": "G-I-N-G-U-T-N",
    "tipe": "Benda",
    "jawaban": "GUNTING"
  },
  {
    "index": 298,
    "soal": "G-A-N-G-N-E-D",
    "tipe": "Benda",
    "jawaban": "GENDANG"
  },
  {
    "index": 299,
    "soal": "A-H-A-W-S",
    "tipe": "Tempat",
    "jawaban": "SAWAH"
  },
  {
    "index": 300,
    "soal": "B-U-N-G-K-A-M",
    "tipe": "Hewan",
    "jawaban": "KUMBANG"
  },
  {
    "index": 301,
    "soal": "C-A-N-K-I-N-G",
    "tipe": "Benda",
    "jawaban": "KANCING"
  },
  {
    "index": 302,
    "soal": "G-A-S-M-I-N-G",
    "tipe": "Buah",
    "jawaban": "MANGGIS"
  },
  {
    "index": 303,
    "soal": "R-A-C-K-I-N-G",
    "tipe": "Benda",
    "jawaban": "CANGKIR"
  },
  {
    "index": 304,
    "soal": "G-L-E-N-N-C-O",
    "tipe": "Benda",
    "jawaban": "LONCENG"
  },
  {
    "index": 305,
    "soal": "A-S-A-W-E-P-T",
    "tipe": "Benda",
    "jawaban": "PESAWAT"
  },
  {
    "index": 306,
    "soal": "B-R-O-K-A-G-E",
    "tipe": "Benda",
    "jawaban": "GEROBAK"
  },
  {
    "index": 307,
    "soal": "L-U-C-K-N-A-G",
    "tipe": "Benda",
    "jawaban": "CANGKUL"
  },
  {
    "index": 308,
    "soal": "D-E-I-A-L-E-K",
    "tipe": "Hewan",
    "jawaban": "KELEDAI"
  },
  {
    "index": 309,
    "soal": "A-L-P-O-M-I-N",
    "tipe": "Benda",
    "jawaban": "LAMPION"
  },
  {
    "index": 310,
    "soal": "K-A-R-A-P-I-P",
    "tipe": "Sayuran",
    "jawaban": "PAPRIKA"
  },
  {
    "index": 311,
    "soal": "K-O-L-O-R-I-B",
    "tipe": "Sayuran",
    "jawaban": "BROKOLI"
  },
  {
    "index": 312,
    "soal": "A-I-A-R-H-U-M",
    "tipe": "Hewan",
    "jawaban": "HARIMAU"
  },
  {
    "index": 313,
    "soal": "J-O-I-N-M-E-L",
    "tipe": "Sayuran",
    "jawaban": "MELINJO"
  },
  {
    "index": 314,
    "soal": "M-A-R-I-S-K-A",
    "tipe": "Buah",
    "jawaban": "MARKISA"
  },
  {
    "index": 315,
    "soal": "J-A-G-K-N-A-R",
    "tipe": "Benda",
    "jawaban": "JANGKAR"
  },
  {
    "index": 316,
    "soal": "E-K-E-K-M-S-E",
    "tipe": "Buah",
    "jawaban": "KESEMEK"
  },
  {
    "index": 317,
    "soal": "R-I-S-A-Y-A-K",
    "tipe": "Buah",
    "jawaban": "SRIKAYA"
  },
  {
    "index": 318,
    "soal": "N-O-M-I-T-O-R",
    "tipe": "Benda",
    "jawaban": "MONITOR"
  },
  {
    "index": 319,
    "soal": "G-A-N-K-M-U-K",
    "tipe": "Benda",
    "jawaban": "MANGKUK"
  },
  {
    "index": 320,
    "soal": "T-A-N-A-G-E-R",
    "tipe": "Benda",
    "jawaban": "GERANAT"
  },
  {
    "index": 321,
    "soal": "A-J-I-G-G-E-R",
    "tipe": "Benda",
    "jawaban": "GERGAJI"
  },
  {
    "index": 322,
    "soal": "L-E-A-N-A-N-Y",
    "tipe": "Profesi",
    "jawaban": "NELAYAN"
  },
  {
    "index": 323,
    "soal": "L-U-K-E-P-I-S",
    "tipe": "Profesi",
    "jawaban": "PELUKIS"
  },
  {
    "index": 324,
    "soal": "S-I-M-I-A-N-S",
    "tipe": "Profesi",
    "jawaban": "MASINIS"
  },
  {
    "index": 325,
    "soal": "I-N-K-I-E-S-T",
    "tipe": "Profesi",
    "jawaban": "TEKNISI"
  },
  {
    "index": 326,
    "soal": "E-T-A-T-R-A-N",
    "tipe": "Profesi",
    "jawaban": "TENTARA"
  },
  {
    "index": 327,
    "soal": "P-E-T-A-W-A-R",
    "tipe": "Profesi",
    "jawaban": "PERAWAT"
  },
  {
    "index": 328,
    "soal": "A-L-A-N-Y-E-P",
    "tipe": "Pekerjaan",
    "jawaban": "PELAYAN"
  },
  {
    "index": 329,
    "soal": "A-D-A-H-K-O-N",
    "tipe": "Pekerjaan",
    "jawaban": "NAHKODA"
  },
  {
    "index": 330,
    "soal": "J-E-N-I-P-U-T",
    "tipe": "Profesi",
    "jawaban": "PETINJU"
  },
  {
    "index": 331,
    "soal": "A-D-I-T-N-O-S",
    "tipe": "Tempat",
    "jawaban": "STADION"
  },
  {
    "index": 332,
    "soal": "A-K-A-K-A-T-K-U",
    "tipe": "Hewan",
    "jawaban": "KAKAKTUA"
  },
  {
    "index": 333,
    "soal": "O-R-B-I-T-E-R-S",
    "tipe": "Buah",
    "jawaban": "STROBERI"
  },
  {
    "index": 334,
    "soal": "A-C-T-A-K-A-M-A",
    "tipe": "Benda",
    "jawaban": "KACAMATA"
  },
  {
    "index": 335,
    "soal": "L-E-V-I-T-I-E-S",
    "tipe": "Benda",
    "jawaban": "TELEVISI"
  },
  {
    "index": 336,
    "soal": "G-U-N-K-K-N-A-G",
    "tipe": "SayuraN",
    "jawaban": "KANGKUNG"
  },
  {
    "index": 337,
    "soal": "L-A-B-E-L-N-A-G",
    "tipe": "Hewan",
    "jawaban": "BELALANG"
  },
  {
    "index": 338,
    "soal": "A-J-A-W-L-I-A-R",
    "tipe": "Hewan",
    "jawaban": "RAJAWALI"
  },
  {
    "index": 339,
    "soal": "G-I-T-I-N-P-E-K",
    "tipe": "Hewan",
    "jawaban": "KEPITING"
  },
  {
    "index": 340,
    "soal": "G-R-U-S-L-I-N-E",
    "tipe": "Benda",
    "jawaban": "SERULING"
  },
  {
    "index": 341,
    "soal": "N-A-B-T-A-K-E-N",
    "tipe": "Hewan",
    "jawaban": "BEKANTAN"
  },
  {
    "index": 342,
    "soal": "C-O-N-G-M-E-E-K",
    "tipe": "Benda",
    "jawaban": "KEMOCENG"
  },
  {
    "index": 343,
    "soal": "M-E-T-P-E-R-O-T",
    "tipe": "Benda",
    "jawaban": "TEROMPET"
  },
  {
    "index": 344,
    "soal": "G-U-N-K-L-A-N-G",
    "tipe": "Benda",
    "jawaban": "ANGKLUNG"
  },
  {
    "index": 345,
    "soal": "A-N-N-Y-Y-I-P-E",
    "tipe": "Profesi",
    "jawaban": "PENYANYI"
  },
  {
    "index": 346,
    "soal": "D-A-N-G-P-A-G-E",
    "tipe": "Pekerjaan",
    "jawaban": "PEDAGANG"
  },
  {
    "index": 347,
    "soal": "D-R-U-K-I-T-E-R",
    "tipe": "Profesi",
    "jawaban": "DIREKTUR"
  },
  {
    "index": 348,
    "soal": "D-E-N-E-P-R-I-S",
    "tipe": "Profesi",
    "jawaban": "PRESIDEN"
  },
  {
    "index": 349,
    "soal": "S-I-N-N-Y-U-R-I",
    "tipe": "Profesi",
    "jawaban": "INSINYUR"
  },
  {
    "index": 350,
    "soal": "A-R-E-L-M-I-N-T",
    "tipe": "Tempat",
    "jawaban": "TERMINAL"
  },
  {
    "index": 351,
    "soal": "A-R-N-I-P-A-R-K",
    "tipe": "Tempat",
    "jawaban": "PARKIRAN"
  },
  {
    "index": 352,
    "soal": "A-N-T-R-O-R-S-E",
    "tipe": "Tempat",
    "jawaban": "RESTORAN"
  }
]
