[
  {
    "index": 0,
    "soal": "Tempat, Tiket, PopCorn, Film, Gedung",
    "jawaban": "BIOSKOP"
  },
  {
    "index": 1,
    "soal": "Profesi, Laut, Jaring, Ikan, Perahu",
    "jawaban": "NELAYAN"
  },
  {
    "index": 2,
    "soal": "Sepatu, Net, Raket, Kok",
    "jawaban": "BULUTANGKIS"
  },
  {
    "index": 3,
    "soal": "Botol, Buah-buahan, Sayuran, Dingin",
    "jawaban": "KULKAS"
  },
  {
    "index": 4,
    "soal": "Rusa, Hutan, Senapan, Target",
    "jawaban": "PEMBURU"
  },
  {
    "index": 5,
    "soal": "Malam, Kasur, Bantal, Merem",
    "jawaban": "TIDUR"
  },
  {
    "index": 6,
    "soal": "Listrik, Antena, Siaran, Remot",
    "jawaban": "TELEVISI"
  },
  {
    "index": 7,
    "soal": "Jalan, Sirine, Orang Sakit, Cepat",
    "jawaban": "AMBULAN"
  },
  {
    "index": 8,
    "soal": "Keju, Sapi, Gelas, Bayi",
    "jawaban": "SUSU"
  },
  {
    "index": 9,
    "soal": "Uang, Bayar, Saku, Kartu ATM",
    "jawaban": "DOMPET"
  },
  {
    "index": 10,
    "soal": "Benda, Maling, Tangan, Polisi, Kunci",
    "jawaban": "BORGOL"
  },
  {
    "index": 11,
    "soal": "Profesi, Kaca pembesar, Misteri",
    "jawaban": "DETEKTIF"
  },
  {
    "index": 12,
    "soal": "Benda, Tajam, Potong Buah",
    "jawaban": "PISAU"
  },
  {
    "index": 13,
    "soal": "Tempat, Lapar, Makan, Koki, Daftar Harga",
    "jawaban": "RESTORAN"
  },
  {
    "index": 14,
    "soal": "Benda, Sepasang, Kanan, Kiri, Lari",
    "jawaban": "SEPATU"
  },
  {
    "index": 15,
    "soal": "Makhluk Hidup, Matador, Tanduk",
    "jawaban": "BANTENG"
  },
  {
    "index": 16,
    "soal": "Tempat, Gedung, Tidur, Kunci, Resepsionis",
    "jawaban": "HOTEL"
  },
  {
    "index": 17,
    "soal": "Ring, Kejuaraan, Tangan, Olahraga",
    "jawaban": "TINJU"
  },
  {
    "index": 18,
    "soal": "Angka, Tanggal, Bulan, Tahun, Hari",
    "jawaban": "KALENDER"
  },
  {
    "index": 19,
    "soal": "Kegiatan, Air, Sabun, Handuk",
    "jawaban": "MANDI"
  },
  {
    "index": 20,
    "soal": "Benda, Wangi, Busa, Mandi",
    "jawaban": "SABUN"
  },
  {
    "index": 21,
    "soal": "Benda, Tidur, Kasur, Panjang, Empuk",
    "jawaban": "GULING"
  },
  {
    "index": 22,
    "soal": "Benda, Listrik, Nyala, Saklar",
    "jawaban": "LAMPU"
  },
  {
    "index": 23,
    "soal": "Benda, Minum, Sakit, Dokter, Apotek",
    "jawaban": "OBAT"
  },
  {
    "index": 24,
    "soal": "Benda, Sakit, Dokter, Ketiak, Derajat",
    "jawaban": "TERMOMETER"
  },
  {
    "index": 25,
    "soal": "Darah, Malam, Gatal, Makhluk Hidup",
    "jawaban": "NYAMUK"
  },
  {
    "index": 26,
    "soal": "Negara, Seni, Bola, Pizza, Pisa",
    "jawaban": "ITALIA"
  },
  {
    "index": 27,
    "soal": "Gua, Malam, Gelap, Makhuk Hidup",
    "jawaban": "KELELAWAR"
  },
  {
    "index": 28,
    "soal": "Kelapa, Pasir, Laut, Tempat",
    "jawaban": "PANTAI"
  },
  {
    "index": 29,
    "soal": "Benda, Badut, Anak-Anak, Ulang Tahun, Meledak",
    "jawaban": "BALON"
  },
  {
    "index": 30,
    "soal": "Benda, Nenek Sihir, Office Boy",
    "jawaban": "SAPU"
  },
  {
    "index": 31,
    "soal": "Origami, Sakura, Sumo, Sushi",
    "jawaban": "JEPANG"
  },
  {
    "index": 32,
    "soal": "Perempuan, Bibir, Merah, Kecantikan",
    "jawaban": "LIPSTIK"
  },
  {
    "index": 33,
    "soal": "Raja, Daging, Hutan, Taring",
    "jawaban": "SINGA"
  },
  {
    "index": 34,
    "soal": "Dompet, ATM, Bank",
    "jawaban": "UANG"
  },
  {
    "index": 35,
    "soal": "Angka, Waktu, Jarum, Tangan",
    "jawaban": "ARLOJI"
  },
  {
    "index": 36,
    "soal": "Masak, Koki, Api",
    "jawaban": "KOMPOR"
  },
  {
    "index": 37,
    "soal": "Sapi, Domba, Hijau, Lapangan",
    "jawaban": "RUMPUT"
  },
  {
    "index": 38,
    "soal": "Ayam Goreng, Arab, SPBU, Katel",
    "jawaban": "MINYAK"
  },
  {
    "index": 39,
    "soal": "Pintu, Lemari, Mobil, Gembok",
    "jawaban": "KUNCI"
  },
  {
    "index": 40,
    "soal": "Ulat, Bunga, Hewan",
    "jawaban": "KUPU KUPU"
  },
  {
    "index": 41,
    "soal": "Mobil, Motor, Bising, Polusi",
    "jawaban": "KNALPOT"
  },
  {
    "index": 42,
    "soal": "Hakim, Paku",
    "jawaban": "PALU"
  },
  {
    "index": 43,
    "soal": "Jari, Hadiah, Pernikahan, Pasangan",
    "jawaban": "CINCIN"
  },
  {
    "index": 44,
    "soal": "Nasi, Daging, Sumpit, Jepang",
    "jawaban": "SUSHI"
  },
  {
    "index": 45,
    "soal": "Buku, Jangan Berisik, Ruangan, Membaca",
    "jawaban": "PERPUSTAKAAN"
  },
  {
    "index": 46,
    "soal": "Televisi, Battre, Halilintar, Tengangan",
    "jawaban": "LISTRIK"
  },
  {
    "index": 47,
    "soal": "Supir, Jalanan, Tujuan, Bayar",
    "jawaban": "TAKSI"
  },
  {
    "index": 48,
    "soal": "Kedelai, Lezat, Memasak",
    "jawaban": "KECAP"
  },
  {
    "index": 49,
    "soal": "Bau, Buang Air, Pria, Wanita",
    "jawaban": "TOILET"
  },
  {
    "index": 50,
    "soal": "Bambu, China, Hitam, Putih, Llucu",
    "jawaban": "PANDA"
  },
  {
    "index": 51,
    "soal": "Pagi, Roti, Susu",
    "jawaban": "SARAPAN"
  },
  {
    "index": 52,
    "soal": "Laba-laba, Jaring, Merah, Biru",
    "jawaban": "SPIDERMAN"
  },
  {
    "index": 53,
    "soal": "Diatas, Hormat, Negara",
    "jawaban": "BENDERA"
  },
  {
    "index": 54,
    "soal": "Mata, Pembesar, Bakteri, Peneliti",
    "jawaban": "MIKROSKOP"
  },
  {
    "index": 55,
    "soal": "Apolo, Bulan",
    "jawaban": "ASTRONOT"
  },
  {
    "index": 56,
    "soal": "Perkakas, Kendaraan, Perbaikan",
    "jawaban": "MONTIR"
  },
  {
    "index": 57,
    "soal": "Handphone, Remot, Plus, Minus, Mainan",
    "jawaban": "BATTRE"
  },
  {
    "index": 58,
    "soal": "Beruang, Lebah, Bunga",
    "jawaban": "MADU"
  },
  {
    "index": 59,
    "soal": "Tikus, Ikan, Lonceng",
    "jawaban": "KUCING"
  },
  {
    "index": 60,
    "soal": "Mendali, Piala, No1, Menang",
    "jawaban": "JUARA"
  },
  {
    "index": 61,
    "soal": "Panas, Pakaian, Listrik, Rapi",
    "jawaban": "SETRIKA"
  },
  {
    "index": 62,
    "soal": "Balon, Kue, Hadiah, Lilin",
    "jawaban": "ULANG TAHUN"
  },
  {
    "index": 63,
    "soal": "Motor, Kepala, Pengendara",
    "jawaban": "HELM"
  },
  {
    "index": 64,
    "soal": "Pesawat, Perempuan, Ramah",
    "jawaban": "PRAMUGARI"
  },
  {
    "index": 65,
    "soal": "Bau, Sakit Perut, Bunyi",
    "jawaban": "KENTUT"
  },
  {
    "index": 66,
    "soal": "Setrika, Matahari, Api, Neraka",
    "jawaban": "PANAS"
  },
  {
    "index": 67,
    "soal": "Enam, Titik, Kotak, Di Kocok",
    "jawaban": "DADU"
  },
  {
    "index": 68,
    "soal": "Warna Warni, Hujan",
    "jawaban": "PELANGI"
  },
  {
    "index": 69,
    "soal": "Manis, Semut, Sakit Gigi, Anak-Anak",
    "jawaban": "PERMEN"
  },
  {
    "index": 70,
    "soal": "Mobil, Motor, Brisik, Bunyi",
    "jawaban": "KLAKSON"
  },
  {
    "index": 71,
    "soal": "Loncat, Kantung, Australia",
    "jawaban": "KANGGURU"
  },
  {
    "index": 72,
    "soal": "Berlian, Emas, Peta, Rahasaia",
    "jawaban": "HARTA KARUN"
  },
  {
    "index": 73,
    "soal": "Mata, Sup, Orange, Kelinci",
    "jawaban": "WORTEL"
  },
  {
    "index": 74,
    "soal": "Suntik, Jarum, Merah, Nyamuk",
    "jawaban": "DARAH"
  },
  {
    "index": 75,
    "soal": "Asin, Laut, Putih, Memasak",
    "jawaban": "GARAM"
  },
  {
    "index": 76,
    "soal": "Hidung, Oksigen, Dada, Nafas",
    "jawaban": "PARU PARU"
  },
  {
    "index": 77,
    "soal": "Pinggang, Panjang",
    "jawaban": "SABUK"
  },
  {
    "index": 78,
    "soal": "Kepala, Obat",
    "jawaban": "Pusing"
  },
  {
    "index": 79,
    "soal": "Sampah, Kuman, Terbang, Sakit Perut",
    "jawaban": "LALAT"
  },
  {
    "index": 80,
    "soal": "Robot, Kucing Jepang",
    "jawaban": "DORAEMON"
  },
  {
    "index": 81,
    "soal": "12, Bulan, Tahun Baru, Natal",
    "jawaban": "DESEMBER"
  },
  {
    "index": 82,
    "soal": "Hijau, Loncat, Air, Darat",
    "jawaban": "KATAK"
  },
  {
    "index": 83,
    "soal": "Punggung, Seleting, Buku",
    "jawaban": "TAS"
  },
  {
    "index": 84,
    "soal": "Unta, Piramid, Kaktus, Kering",
    "jawaban": "GURUN PASIR"
  },
  {
    "index": 85,
    "soal": "Putih, Tipis, Lap, Toilet",
    "jawaban": "TISU"
  },
  {
    "index": 86,
    "soal": "Naik Turun, Jaket, Celana, Tas",
    "jawaban": "RESLETING"
  },
  {
    "index": 87,
    "soal": "Menyelam, Minum, Siram, Ikan",
    "jawaban": "AIR"
  },
  {
    "index": 88,
    "soal": "Sepasang, Mendengar",
    "jawaban": "TELINGA"
  },
  {
    "index": 89,
    "soal": "Susu, Gigi, Kertas",
    "jawaban": "PUTIH"
  },
  {
    "index": 90,
    "soal": "Hidung, Panjang, Bohong, Kayu",
    "jawaban": "PINOKIO"
  },
  {
    "index": 91,
    "soal": "UFO, Planet",
    "jawaban": "ALIEN"
  },
  {
    "index": 92,
    "soal": "Mendengar, Suara, Jarak Jauh",
    "jawaban": "TELEPON"
  },
  {
    "index": 93,
    "soal": "Naik, Turun, Kaki",
    "jawaban": "TANGGA"
  },
  {
    "index": 94,
    "soal": "Kepala, Terik, Pantai",
    "jawaban": "TOPI"
  },
  {
    "index": 95,
    "soal": "Burung, Pesawat, Nyamuk, Superman",
    "jawaban": "TERBANG"
  },
  {
    "index": 96,
    "soal": "Tidur, Brisik",
    "jawaban": "NGOROK"
  },
  {
    "index": 97,
    "soal": "Utara, Selatan, Kompas, Menempel",
    "jawaban": "MAGNET"
  },
  {
    "index": 98,
    "soal": "Masinis, Pluit, Tiket, Rel",
    "jawaban": "KERETA API"
  },
  {
    "index": 99,
    "soal": "Membaca, Mata, Huruf",
    "jawaban": "KACAMATA"
  },
  {
    "index": 100,
    "soal": "Bola, Tangan, Gawang",
    "jawaban": "KIPER"
  },
  {
    "index": 101,
    "soal": "Taj Mahal, Bajaj, Ular, Gajah",
    "jawaban": "INDIA"
  },
  {
    "index": 102,
    "soal": "Kartu, Tongkat, Kelinci, Burung",
    "jawaban": "SULAP"
  },
  {
    "index": 103,
    "soal": "Kertas, Burung, Kampak, Oksigen",
    "jawaban": "POHON"
  },
  {
    "index": 104,
    "soal": "Tajam, Ikan, Berbahaya",
    "jawaban": "PIRANHA"
  },
  {
    "index": 105,
    "soal": "Ketik, Jari, Komputer, Huruf",
    "jawaban": "KEYBOARD"
  },
  {
    "index": 106,
    "soal": "Mulut, Plastik, Panjang, Minuman",
    "jawaban": "SEDOTAN"
  },
  {
    "index": 107,
    "soal": "Stir, Roda, Donat",
    "jawaban": "LINGKARAN"
  },
  {
    "index": 108,
    "soal": "Kuning, Monyet",
    "jawaban": "PISANG"
  },
  {
    "index": 109,
    "soal": "Api, Tiup, Kue",
    "jawaban": "LILIN"
  },
  {
    "index": 110,
    "soal": "Baling-baling, Pilot, Awan",
    "jawaban": "PESAWAT"
  },
  {
    "index": 111,
    "soal": "Koboi, Tapal, Rumput",
    "jawaban": "KUDA"
  },
  {
    "index": 112,
    "soal": "Makanan, Italia, Bulat, Panggang",
    "jawaban": "PIZZA"
  },
  {
    "index": 113,
    "soal": "Keju, Kincir Angin, Tulip",
    "jawaban": "BELANDA"
  },
  {
    "index": 114,
    "soal": "Bebek, Ayam, Bulat",
    "jawaban": "TELUR"
  },
  {
    "index": 115,
    "soal": "Air, Keran, Panjang",
    "jawaban": "PIPA"
  },
  {
    "index": 116,
    "soal": "Lendir, Hidung, Mampet, Tisu",
    "jawaban": "PILEK"
  },
  {
    "index": 117,
    "soal": "Pucuk, Minuman",
    "jawaban": "TEH"
  },
  {
    "index": 118,
    "soal": "Dompet, Identitas, Alamat, Telepon",
    "jawaban": "KARTU NAMA"
  },
  {
    "index": 119,
    "soal": "Bayi, Kencing, Lembut",
    "jawaban": "POPOK"
  },
  {
    "index": 120,
    "soal": "Lampu kilat, Photo, Lensa",
    "jawaban": "KAMERA"
  },
  {
    "index": 121,
    "soal": "Tipis, Halus, Jarum",
    "jawaban": "BENANG"
  },
  {
    "index": 122,
    "soal": "Benda, Senar, Petik",
    "jawaban": "GITAR"
  },
  {
    "index": 123,
    "soal": "Baju, Celana, Jaket",
    "jawaban": "PAKAIAN"
  },
  {
    "index": 124,
    "soal": "Benda, Bergerak, Mesin",
    "jawaban": "ROBOT"
  },
  {
    "index": 125,
    "soal": "Kendaraan, Roda 3, Mobil",
    "jawaban": "BAJAJ"
  },
  {
    "index": 126,
    "soal": "Sarjana, Haji, Master",
    "jawaban": "GELAR"
  },
  {
    "index": 127,
    "soal": "Seni, Dipajang, Dinding, Estetika",
    "jawaban": "LUKISAN"
  },
  {
    "index": 128,
    "soal": "Raksasa, Hewan, Kadal, Indonesia",
    "jawaban": "KOMODO"
  },
  {
    "index": 129,
    "soal": "Transportasi darat, Roda, Kayu, Kuda",
    "jawaban": "ANDONG"
  },
  {
    "index": 130,
    "soal": "Sekolah, Papan, Tulis, Putih",
    "jawaban": "KAPUR"
  },
  {
    "index": 131,
    "soal": "Kendaraan, Transportasi, Darat, Aspal",
    "jawaban": "JALAN"
  },
  {
    "index": 132,
    "soal": "Elektronik, Kotak, Frekuensi, Suara",
    "jawaban": "RADIO"
  },
  {
    "index": 133,
    "soal": "Tanah liat, Benda, Atap, Rumah",
    "jawaban": "GENTENG"
  },
  {
    "index": 134,
    "soal": "Malam hari, Sayap, Hitam, Darah",
    "jawaban": "KELELAWAR"
  },
  {
    "index": 135,
    "soal": "Segitiga, Mesir, Firaun",
    "jawaban": "PIRAMIDA"
  },
  {
    "index": 136,
    "soal": "Butiran, Pasir, Manis",
    "jawaban": "GULA"
  },
  {
    "index": 137,
    "soal": "Alat Musik, Sunda, Bambu, Bunyi",
    "jawaban": "ANGKLUNG"
  },
  {
    "index": 138,
    "soal": "Padi, Butiran, Kering, Gabah",
    "jawaban": "BERAS"
  },
  {
    "index": 139,
    "soal": "Rumah, Suku, Pegunungan, Sulawesi",
    "jawaban": "TORAJA"
  },
  {
    "index": 140,
    "soal": "Transportasi, Air, Kayu, Dayung",
    "jawaban": "PERAHU"
  },
  {
    "index": 141,
    "soal": "Pagi Hari, Pegunungan, Pandangan, Dingin",
    "jawaban": "KABUT"
  },
  {
    "index": 142,
    "soal": "Alas, Kaki, Tali",
    "jawaban": "SEPATU"
  },
  {
    "index": 143,
    "soal": "Rumput, Jenggot, Tanduk, Sate",
    "jawaban": "KAMBING"
  },
  {
    "index": 144,
    "soal": "Memasak, Cair, licin, Goreng",
    "jawaban": "MINYAK"
  },
  {
    "index": 145,
    "soal": "Bulat, Lempar, Tendang",
    "jawaban": "BOLA"
  },
  {
    "index": 146,
    "soal": "Roda dua, Kaki, Kayuh, Olahraga",
    "jawaban": "SEPEDA"
  },
  {
    "index": 147,
    "soal": "Angka, Kecil, Hitung, Alat",
    "jawaban": "KALKULATOR"
  },
  {
    "index": 148,
    "soal": "Kecil, Kelompok, Sarang, Hewan",
    "jawaban": "SEMUT"
  },
  {
    "index": 149,
    "soal": "Pantai, Hewan, Invertebrata, Capit",
    "jawaban": "KEPITING"
  },
  {
    "index": 150,
    "soal": "Menghibur, Sule, Tertawa",
    "jawaban": "PELAWAK"
  },
  {
    "index": 151,
    "soal": "Mengelap, Kain, Kering, Mandi",
    "jawaban": "HANDUK"
  },
  {
    "index": 152,
    "soal": "Bulat, Lubang, Tepung",
    "jawaban": "DONAT"
  },
  {
    "index": 153,
    "soal": "Gerhana, Sinar, Malam",
    "jawaban": "BULAN"
  },
  {
    "index": 154,
    "soal": "Udara, Kaca, Rumah",
    "jawaban": "JENDELA"
  },
  {
    "index": 155,
    "soal": "Wadah, Makanan, Pecah",
    "jawaban": "PIRING"
  },
  {
    "index": 156,
    "soal": "Hewan, Besar, Cula",
    "jawaban": "BADAK"
  },
  {
    "index": 157,
    "soal": "Bangunan, Tempat, Hunian",
    "jawaban": "RUMAH"
  },
  {
    "index": 158,
    "soal": "Lubang, Wajah, Hirup, Nafas",
    "jawaban": "HIDUNG"
  },
  {
    "index": 159,
    "soal": "Pohon, Bagian Bawah",
    "jawaban": "AKAR"
  },
  {
    "index": 160,
    "soal": "Alat, Makan, Menusuk",
    "jawaban": "GARPU"
  },
  {
    "index": 161,
    "soal": "Luabang, Air, Timba",
    "jawaban": "SUMUR"
  },
  {
    "index": 162,
    "soal": "Bagian, Belakang, Hewan",
    "jawaban": "EKOR"
  },
  {
    "index": 163,
    "soal": "Surya, Bumi, Sumber Terang",
    "jawaban": "MATAHARI"
  },
  {
    "index": 164,
    "soal": "Kera, Langka, Hutan",
    "jawaban": "ORANGUTAN"
  },
  {
    "index": 165,
    "soal": "Air, Aliran, Hulu, Hilir",
    "jawaban": "SUNGAI"
  },
  {
    "index": 166,
    "soal": "Buah, Bulan, Santan",
    "jawaban": "KELAPA"
  },
  {
    "index": 167,
    "soal": "Kadal, Ubah, Warna",
    "jawaban": "BUNGLON"
  },
  {
    "index": 168,
    "soal": "Perusahaan, Negara, Minyak",
    "jawaban": "PERTAMINA"
  },
  {
    "index": 169,
    "soal": "Energi, Radioaktif, Uranium",
    "jawaban": "NUKLIR"
  },
  {
    "index": 170,
    "soal": "Ilmu, Sifat, Materi",
    "jawaban": "FISIKA"
  },
  {
    "index": 171,
    "soal": "Galaksi, Tata Surya",
    "jawaban": "BIMASAKTI"
  },
  {
    "index": 172,
    "soal": "Musik, Indonesia, Goyang, Gendang",
    "jawaban": "DANGDUT"
  },
  {
    "index": 173,
    "soal": "Burung, Langka, Papua",
    "jawaban": "CENDRAWASIH"
  },
  {
    "index": 174,
    "soal": "Tulang Besi, Wayang, Terbang, Sakti",
    "jawaban": "GATOT KACA"
  },
  {
    "index": 175,
    "soal": "Mentimun, Asam, Asin",
    "jawaban": "ACAR"
  },
  {
    "index": 176,
    "soal": "Ruang, Tunggu, Bis",
    "jawaban": "HALTE"
  },
  {
    "index": 177,
    "soal": "Tanah, Petani, Padi",
    "jawaban": "SAWAH"
  },
  {
    "index": 178,
    "soal": "Bayi, Kencing, Lembut",
    "jawaban": "POPOK"
  },
  {
    "index": 179,
    "soal": "Benda, Bermain, Duduk, Rantai",
    "jawaban": "AYUNAN"
  },
  {
    "index": 180,
    "soal": "Tempat, Barang, Ruangan",
    "jawaban": "GUDANG"
  },
  {
    "index": 181,
    "soal": "Benda, Tempat, Simpan, Pakaian",
    "jawaban": "LEMARI"
  },
  {
    "index": 182,
    "soal": "Hitam, Putih, Hujan, Melayang",
    "jawaban": "AWAN"
  },
  {
    "index": 183,
    "soal": "Asap, Knalpot, Lingkungan",
    "jawaban": "POLUSI"
  },
  {
    "index": 184,
    "soal": "Beras, Gula, Sayur",
    "jawaban": "SEMBAKO"
  },
  {
    "index": 185,
    "soal": "Minyak Sayur, Santan, Tumbuhan",
    "jawaban": "KELAPA"
  },
  {
    "index": 186,
    "soal": "Kendaraan, Kayuh, Roda, Tiga",
    "jawaban": "BECAK"
  },
  {
    "index": 187,
    "soal": "Pelindung Rumah, Besi, Pingir Jalan",
    "jawaban": "PAGAR"
  },
  {
    "index": 188,
    "soal": "Alat, Debu, Bersih",
    "jawaban": "KEMOCENG"
  },
  {
    "index": 189,
    "soal": "Benda, Puntung, Sampah",
    "jawaban": "ASBAK"
  },
  {
    "index": 190,
    "soal": "Tempat, Naik/Turun, Lantai",
    "jawaban": "LIFT"
  },
  {
    "index": 191,
    "soal": "Benda, Berdiri, Panjang",
    "jawaban": "TIANG"
  },
  {
    "index": 192,
    "soal": "Asin, Putih, Masakan",
    "jawaban": "GARAM"
  },
  {
    "index": 193,
    "soal": "Meledak, Panas, Indah, Cahaya",
    "jawaban": "KEMBANG API"
  },
  {
    "index": 194,
    "soal": "Acara, Peresmian, Sepasang",
    "jawaban": "NIKAH"
  },
  {
    "index": 195,
    "soal": "Putih, Biru, Menjaga",
    "jawaban": "SATPAM"
  },
  {
    "index": 196,
    "soal": "Barat, Timur, Utara, Selatan",
    "jawaban": "KOMPAS"
  },
  {
    "index": 197,
    "soal": "Tempat, Kereta, Tiket",
    "jawaban": "STASIUN"
  },
  {
    "index": 198,
    "soal": "Transportasi, Roda Tiga, Kayu, Kuda",
    "jawaban": "DELMAN"
  },
  {
    "index": 199,
    "soal": "Roti, Stroberry, Cair",
    "jawaban": "SELAI"
  },
  {
    "index": 200,
    "soal": "Pelihara, Lucu, Taring, Lonceng",
    "jawaban": "KUCING"
  },
  {
    "index": 201,
    "soal": "Tabung, Air, Kaca",
    "jawaban": "GELAS"
  },
  {
    "index": 202,
    "soal": "Penggalian, Benda, Kuno",
    "jawaban": "ARKEOLOGI"
  },
  {
    "index": 203,
    "soal": "Telinga, Alat, Musik, Bunyi",
    "jawaban": "EARPHONE"
  },
  {
    "index": 204,
    "soal": "Duduk, Santai, Kayu, Kaki",
    "jawaban": "KURSI"
  },
  {
    "index": 205,
    "soal": "Sejarah, Wisata, Yogya",
    "jawaban": "BOROBUDUR"
  },
  {
    "index": 206,
    "soal": "Runcing, Mulut, Makanan, Mengoyak",
    "jawaban": "TARING"
  },
  {
    "index": 207,
    "soal": "Riak, Gulung, Air, Pantai",
    "jawaban": "OMBAK"
  },
  {
    "index": 208,
    "soal": "Udara, Bergerak, Sejuk",
    "jawaban": "ANGIN"
  },
  {
    "index": 209,
    "soal": "Hewan, Langka, Hutan,Kalimantan",
    "jawaban": "ORANG UTAN"
  },
  {
    "index": 210,
    "soal": "Alat, Musik, Doremi, Kotak",
    "jawaban": "PIANO"
  },
  {
    "index": 211,
    "soal": "Wadah, Air, Toilet, Besar",
    "jawaban": "EMBER"
  },
  {
    "index": 212,
    "soal": "Buah, Oranye, Bulat",
    "jawaban": "JERUK"
  },
  {
    "index": 213,
    "soal": "Rambut, Rapi, Rapat, Alat",
    "jawaban": "SISIR"
  },
  {
    "index": 214,
    "soal": "Kotak, Tidur, Empuk",
    "jawaban": "KASUR"
  },
  {
    "index": 215,
    "soal": "Udara, Ban, Naik/Turun",
    "jawaban": "POMPA"
  },
  {
    "index": 216,
    "soal": "Tipis, Tajam, Benang",
    "jawaban": "JARUM"
  },
  {
    "index": 217,
    "soal": "Lap, Kaki, Kain",
    "jawaban": "KESET"
  },
  {
    "index": 218,
    "soal": "Tv, Alat, Jarak Jauh, Siaran",
    "jawaban": "REMOT"
  },
  {
    "index": 219,
    "soal": "Madu, Hewan, Terbang",
    "jawaban": "LEBAH"
  },
  {
    "index": 220,
    "soal": "Hewan, Dinding, Melata, Nempel",
    "jawaban": "CICAK"
  },
  {
    "index": 221,
    "soal": "Alat, Gesek, Bunyi, Musik",
    "jawaban": "BIOLA"
  },
  {
    "index": 222,
    "soal": "Panjang, Listrik, Pln",
    "jawaban": "KABEL"
  },
  {
    "index": 223,
    "soal": "Alat, Makan, Tajam",
    "jawaban": "GARPU"
  },
  {
    "index": 224,
    "soal": "Alat, Potong, Dapur",
    "jawaban": "PISAU"
  },
  {
    "index": 225,
    "soal": "Api, Kayu, Kecil",
    "jawaban": "KOREK"
  },
  {
    "index": 226,
    "soal": "Pekerjaan, Pesawat, Mengendarai",
    "jawaban": "PILOT"
  },
  {
    "index": 227,
    "soal": "Kirim, Barang, Pekerjaan",
    "jawaban": "KURIR"
  },
  {
    "index": 228,
    "soal": "Pekerjaan, Hitung, Belanja, Toko",
    "jawaban": "KASIR"
  },
  {
    "index": 229,
    "soal": "Pengobatan, Pekerjaan, Tradisional",
    "jawaban": "TABIB"
  },
  {
    "index": 230,
    "soal": "Pekerjaan, Mengendarai, Delman",
    "jawaban": "KUSIR"
  },
  {
    "index": 231,
    "soal": "Pohon, Lembah, Bukit, Lebat",
    "jawaban": "HUTAN"
  },
  {
    "index": 232,
    "soal": "Anak, Mainan, Lucu",
    "jawaban": "BONEKA"
  },
  {
    "index": 233,
    "soal": "Leher, Perhiasan, Emas",
    "jawaban": "KALUNG"
  },
  {
    "index": 234,
    "soal": "Transportasi, Panjang, Rel",
    "jawaban": "KERETA"
  },
  {
    "index": 235,
    "soal": "Siaran, Sinyal, Tv, Alat",
    "jawaban": "ANTENA"
  },
  {
    "index": 236,
    "soal": "Tempat, Kendaraan, Penyimpanan, Luas",
    "jawaban": "PARKIRAN"
  },
  {
    "index": 237,
    "soal": "Tiup, Bunyi, Alat",
    "jawaban": "TEROMPET"
  },
  {
    "index": 238,
    "soal": "Buah, Bulat, Air, Biji",
    "jawaban": "SEMANGKA"
  },
  {
    "index": 239,
    "soal": "Tempat, Guru, Murid, Belajar",
    "jawaban": "SEKOLAH"
  },
  {
    "index": 240,
    "soal": "Seram, Sepi, Tempat, Meninggal",
    "jawaban": "KUBURAN"
  },
  {
    "index": 241,
    "soal": "Pesawat, Tiket, Penerbangan",
    "jawaban": "BANDARA"
  },
  {
    "index": 242,
    "soal": "Loreng, Senjata, Perang",
    "jawaban": "TENTARA"
  },
  {
    "index": 243,
    "soal": "Tajam, Kayu, Potong",
    "jawaban": "GERGAJI"
  },
  {
    "index": 244,
    "soal": "Alat, Meledak, Lempar, Tentara",
    "jawaban": "GERANAT"
  },
  {
    "index": 245,
    "soal": "Kotak, Komputer, Layar, Resolusi",
    "jawaban": "MONITOR"
  },
  {
    "index": 246,
    "soal": "Kotak, Kaca, Rumah, Depan",
    "jawaban": "JENDELA"
  },
  {
    "index": 247,
    "soal": "Sawah, Petani, Tanah, Alat",
    "jawaban": "CANGKUL"
  },
  {
    "index": 248,
    "soal": "Dorong, Pedagang, Alat, Roda",
    "jawaban": "GEROBAK"
  },
  {
    "index": 249,
    "soal": "Hewan, Leher, Tinggi, Coklat",
    "jawaban": "JERAPAH"
  },
  {
    "index": 250,
    "soal": "Bunyi, Kucing, Benda, Leher",
    "jawaban": "LONCENG"
  },
  {
    "index": 251,
    "soal": "Tajam, Kertas, Potong, Alat",
    "jawaban": "GUNTING"
  },
  {
    "index": 252,
    "soal": "Hewan, Wortel, Loncat",
    "jawaban": "KELINCI"
  },
  {
    "index": 253,
    "soal": "Bekerja, Tempat, Karyawan",
    "jawaban": "KANTOR"
  },
  {
    "index": 254,
    "soal": "Tempat, Obat, Jual, Racikan",
    "jawaban": "APOTEK"
  },
  {
    "index": 255,
    "soal": "Rumah Sakit, Merawat, Pekerjaan",
    "jawaban": "SUSTER"
  },
  {
    "index": 256,
    "soal": "Mengayomi, Wanita, Keamanan",
    "jawaban": "POLWAN"
  },
  {
    "index": 257,
    "soal": "Suntik, Obat, Periksa, Pekerjaan",
    "jawaban": "DOKTER"
  },
  {
    "index": 258,
    "soal": "Tajam, Kesaktria, Senjata",
    "jawaban": "PEDANG"
  },
  {
    "index": 259,
    "soal": "Cahaya, Malam, Alat, Batterai",
    "jawaban": "SENTER"
  },
  {
    "index": 260,
    "soal": "Alas, Makanan, Bulat, Kaca",
    "jawaban": "PIRING"
  },
  {
    "index": 261,
    "soal": "Serut, Kayu, Menulis, Alat",
    "jawaban": "PENSIL"
  },
  {
    "index": 262,
    "soal": "Alas, Kaki, Karet",
    "jawaban": "SANDAL"
  },
  {
    "index": 263,
    "soal": "Kepiting, Hama Sawah, Air Tawar",
    "jawaban": "YUYU"
  },
  {
    "index": 264,
    "soal": "Burung, Hitam, Peniru",
    "jawaban": "BEO"
  },
  {
    "index": 265,
    "soal": "Rekening, Keuangan, Pekerjaan",
    "jawaban": "AKUNTAN"
  },
  {
    "index": 266,
    "soal": "Bergelambir, Tungkai, Panjang, Besar",
    "jawaban": "KALKUN"
  },
  {
    "index": 267,
    "soal": "Tekhnology, Merancang, Pekerjaan",
    "jawaban": "INSINYUR"
  },
  {
    "index": 268,
    "soal": "Capit, Merah, Kaki 10",
    "jawaban": "KEPITING"
  },
  {
    "index": 269,
    "soal": "Mercedez Benz, Tembok Berlin, Nazi",
    "jawaban": "JERMAN"
  },
  {
    "index": 270,
    "soal": "Kapal, Kapten, Perwira",
    "jawaban": "NAHKODA"
  },
  {
    "index": 271,
    "soal": "Gwyneth Paltrow, Paul Bettany, Johnny Depp",
    "jawaban": "MORTDECAI"
  },
  {
    "index": 272,
    "soal": "Punggung Melengkung, Dikonsumsi, Hewan Laut",
    "jawaban": "UDANG"
  },
  {
    "index": 273,
    "soal": "Penyunting, Berita, Naskah",
    "jawaban": "EDITOR"
  },
  {
    "index": 274,
    "soal": "Daging Merah, Perenang, Handal, Ikan",
    "jawaban": "TUNA"
  },
  {
    "index": 275,
    "soal": "Berilmu, Pengajar, Sekolah",
    "jawaban": "GURU"
  },
  {
    "index": 276,
    "soal": "Pekerjaan, Peraga, Produk",
    "jawaban": "MODEL"
  },
  {
    "index": 277,
    "soal": "Bantuan, Hukum, Terdakwa",
    "jawaban": "PENGACARA"
  },
  {
    "index": 278,
    "soal": "Leher Panjang, Itik, Putih",
    "jawaban": "ANGSA"
  },
  {
    "index": 279,
    "soal": "Molusca, Lambat, Bekicot",
    "jawaban": "SIPUT"
  },
  {
    "index": 280,
    "soal": "Kabupaten, Pns, Pemimpin",
    "jawaban": "BUPATI"
  },
  {
    "index": 281,
    "soal": "Lipan, Nokturnal, Beracun",
    "jawaban": "KELABANG"
  },
  {
    "index": 282,
    "soal": "Hitam, Laut, Berduri",
    "jawaban": "BABI LAUT"
  },
  {
    "index": 283,
    "soal": "Butir, Air, Langit",
    "jawaban": "HUJAN"
  },
  {
    "index": 284,
    "soal": "Keyboard, Monitor, Wifi",
    "jawaban": "LAPTOP"
  },
  {
    "index": 285,
    "soal": "Orang, Penyakit, Sembuh",
    "jawaban": "DOKTER"
  },
  {
    "index": 286,
    "soal": "Buah, Hijau, Merah",
    "jawaban": "SEMANGKA"
  },
  {
    "index": 287,
    "soal": "Olahraga, Bulu, Tangkis",
    "jawaban": "BADMINTON"
  },
  {
    "index": 288,
    "soal": "Segitiga, Batu, Firaun",
    "jawaban": "PIRAMIDA"
  },
  {
    "index": 289,
    "soal": "Candi, Megah, Buddha",
    "jawaban": "BOROBUDUR"
  },
  {
    "index": 290,
    "soal": "Sansekerta, Ideologi Negara",
    "jawaban": "PANCASILA"
  },
  {
    "index": 291,
    "soal": "Gunung, Jawa, Tertinggi",
    "jawaban": "SEMERU"
  },
  {
    "index": 292,
    "soal": "Samudera, Terluas, Dunia",
    "jawaban": "PASIFIK"
  },
  {
    "index": 293,
    "soal": "Burung, Lambang, Negara",
    "jawaban": "GARUDA"
  },
  {
    "index": 294,
    "soal": "Benda, Atap, Rumah",
    "jawaban": "GENTENG"
  },
  {
    "index": 295,
    "soal": "Gunung, Tertinggi, Dunia",
    "jawaban": "EVEREST"
  },
  {
    "index": 296,
    "soal": "Penggalian, Benda, Kuno",
    "jawaban": "ARKEOLOGI"
  },
  {
    "index": 297,
    "soal": "Kera, Hidung, Besar",
    "jawaban": "BEKANTAN"
  },
  {
    "index": 298,
    "soal": "Pelabuhan, Pesawat, Terbang",
    "jawaban": "BANDARA"
  },
  {
    "index": 299,
    "soal": "Hewan, Leher, Panjang",
    "jawaban": "JERAPAH"
  },
  {
    "index": 300,
    "soal": "Kolam, Besar, Buatan",
    "jawaban": "WADUK"
  },
  {
    "index": 301,
    "soal": "Buah, Kulit, Duri",
    "jawaban": "DURIAN"
  }
]
