[
   {
    "lagu": "https://raw.githubusercontent.com/Aiinne/scrape/main/song/sound4418.mp3",
    "judul": "Faded",
    "artis": "Alan Walker"
   },
   {
    "lagu": "https://raw.githubusercontent.com/Aiinne/scrape/main/song/pudar.mp3",
    "judul": "Pudar",
    "artis": "Rossa"
   },
   {
    "lagu": "https://raw.githubusercontent.com/Aiinne/scrape/main/song/after.mp3",
    "judul": "After School",
    "artis": "[MV] Weeekly(위클리)"
   },
   {
    "lagu": "https://raw.githubusercontent.com/Aiinne/scrape/main/song/gatalgatal.mp3",
    "judul": "De Yang Gatal Gatal Sa",
    "artis": "Aldo Bz"
   },
   {
    "lagu": "https://raw.githubusercontent.com/Aiinne/scrape/main/song/takemyhand.mp3",
    "judul": "Take My Hand",
    "artis": "Klaas, Freischwimmer & Sary"
   },
   {
    "lagu": "https://raw.githubusercontent.com/Aiinne/scrape/main/song/sound4027.mp3",
    "judul": "I Need A Doctors",
    "artis": "Dr. Dre ft. Eminem, Skylar Grey"
   },
   {
    "lagu": "https://raw.githubusercontent.com/Aiinne/scrape/main/song/bitch.mp3",
    "judul": "Build a Bitch",
    "artis": "Bella Poarch"
   },
   {
    "lagu": "https://raw.githubusercontent.com/Aiinne/scrape/main/song/reason.mp3",
    "judul": "Just Give Me A Reason",
    "artis": "P!nk"
   },
   {
    "lagu": "https://raw.githubusercontent.com/Aiinne/scrape/main/song/sound2628.mp3",
    "judul": "Denyut Jantungku Berdebar",
    "artis": "Casablanca"
   },
   {
    "lagu": "https://raw.githubusercontent.com/Aiinne/scrape/main/song/remember.mp3",
    "judul": "Remember Out Summer",
    "artis": "Frogmonster"
   },
   {
    "lagu": "https://raw.githubusercontent.com/Aiinne/scrape/main/song/AUD-20220901-WA0015.mp3",
    "judul": "Feel Only Love",
    "artis": "Klaas & Mister Ruiz"
   },
   {
    "lagu": "https://raw.githubusercontent.com/Aiinne/scrape/main/song/sound5022.mp3",
    "judul": "Angel Baby",
    "artis": "Troye Sivan"
   },
   {
    "lagu": "https://raw.githubusercontent.com/Aiinne/scrape/main/song/atmyworst.mp3",
    "judul": "At My Worst",
    "artis": "Pink Sweats"
   },
   {
    "lagu": "https://raw.githubusercontent.com/Aiinne/scrape/main/song/sound9422.mp3",
    "judul": "Rip Love",
    "artis": "Faouzia"
   },
   {
    "lagu": "https://raw.githubusercontent.com/Aiinne/scrape/main/song/sound3221.mp3",
    "judul": "Dear Diary",
    "artis": "Els Warouw"
   },
   {
    "lagu": "https://raw.githubusercontent.com/Aiinne/scrape/main/song/kepastian.mp3",
    "judul": "Kepastian Rasa",
    "artis": "ZBI Crew"
   },
   {
    "lagu": "https://raw.githubusercontent.com/Aiinne/scrape/main/song/lily.mp3",
    "judul": "Lily",
    "artis": "Alan Walker"
   },
   {
    "lagu": "https://raw.githubusercontent.com/Aiinne/scrape/main/song/unravel.mp3",
    "judul": "Unravel",
    "artis": "Tokyo Ghoul"
   },
   {
    "lagu": "https://raw.githubusercontent.com/Aiinne/scrape/main/song/Grateful.mp3",
    "judul": "Grateful",
    "artis": "Neffex"
   },
   {
    "lagu": "https://raw.githubusercontent.com/Aiinne/scrape/main/song/SomethingJustLikeThis.mp3",
    "judul": "Something Just Like This",
    "artis": "Alan Walker"
   },
   {
    "lagu": "https://raw.githubusercontent.com/Aiinne/scrape/main/song/TroubleIsAFriend.mp3",
    "judul": "Trouble Is A Friend",
    "artis": "Lenka"
   },
   {
    "lagu": "https://raw.githubusercontent.com/Aiinne/scrape/main/song/sound7618.mp3",
    "judul": "Waka Waka",
    "artis": "Shakira"
   },
   {
    "lagu": "https://raw.githubusercontent.com/Aiinne/scrape/main/song/sound7890.mp3",
    "judul": "Numb",
    "artis": "Linkin Park"
   },
   {
    "lagu": "https://raw.githubusercontent.com/Aiinne/scrape/main/song/.mp3",
    "judul": "Die Young",
    "artis": "Kesha"
   },
   {
    "lagu": "https://raw.githubusercontent.com/Aiinne/scrape/main/song/playdate.mp3",
    "judul": "Play Date",
    "artis": "Melanie Martinez"
   },
   {
    "lagu": "https://raw.githubusercontent.com/Aiinne/scrape/main/song/sound6251.mp3",
    "judul": "So Am I",
    "artis": "Ava Max"
   },
   {
    "lagu": "https://raw.githubusercontent.com/Aiinne/scrape/main/song/legendsneverdie.mp3",
    "judul": "Legends Never Die",
    "artis": "League of Legends"
   },
   {
    "lagu": "https://raw.githubusercontent.com/Aiinne/scrape/main/song/tentangaku.mp3",
    "judul": "Tentang Aku Kau Dan Dia",
    "artis": "Kangen Band"
   },
   {
    "lagu": "https://raw.githubusercontent.com/Aiinne/scrape/main/song/sound3347.mp3",
    "judul": "Ruang Rindu",
    "artis": "Letto"
   },
   {
    "lagu": "https://raw.githubusercontent.com/Aiinne/scrape/main/song/sound2955.mp3",
    "judul": "Surat Cinta Untuk Starla",
    "artis": "Virgoun"
   },
   {
    "lagu": "https://raw.githubusercontent.com/Aiinne/scrape/main/song/kusimpan.mp3",
    "judul": "Kusimpan Rindu Di hati",
    "artis": "Punk Rock Jalanan"
   },
   {
    "lagu": "https://raw.githubusercontent.com/Aiinne/scrape/main/song/Merindukanmu.mp3",
    "judul": "Merindukanmu",
    "artis": "Dash Uciha"
   },
   {
    "lagu": "https://raw.githubusercontent.com/Aiinne/scrape/main/song/sound8820.mp3",
    "judul": "Takkan Terganti",
    "artis": "Kangen Band"
   },
   {
    "lagu": "https://raw.githubusercontent.com/Aiinne/scrape/main/song/DisaatAkuTersakiti.mp3",
    "judul": "Disaat Aku Tersakiti",
    "artis": "Dadali"
   },
   {
    "lagu": "https://raw.githubusercontent.com/Aiinne/scrape/main/song/Umbrella.mp3",
    "judul": "Umbrella",
    "artis": "Rihana"
   },
   {
    "lagu": "https://raw.githubusercontent.com/Aiinne/scrape/main/song/lathi.mp3",
    "judul": "Lathi",
    "artis": "Weird Genius"
   },
   {
    "lagu": "https://raw.githubusercontent.com/Aiinne/scrape/main/song/angan.mp3",
    "judul": "Angan",
    "artis": "FDM"
   },
   {
    "lagu": "https://raw.githubusercontent.com/Aiinne/scrape/main/song/LoveMeLikeYouDo.mp3",
    "judul": "Love Me Like You Do",
    "artis": "Ellie Goulding"
   },
   {
    "lagu": "https://raw.githubusercontent.com/Aiinne/scrape/main/song/sound.mp3",
    "judul": "Meraih Bintang",
    "artis": "Via Vallen"
   },
   {
    "lagu": "https://raw.githubusercontent.com/Aiinne/scrape/main/song/sound7782.mp3",
    "judul": "With You",
    "artis": "HOAPROX"
   },
   {
    "lagu": "https://raw.githubusercontent.com/Aiinne/scrape/main/song/sound8101.mp3",
    "judul": "Wonderland",
    "artis": "Axel Johansson"
   }
]
