[
{
"index": "1",
"type": "gambar",
"deskripsi": "Air mineral merek",
"img": "https://logoquiz.b-cdn.net/food/questions/food_q1.png",
"answerType": "text",
"jawaban": "Evian"
},
{
"index": "3",
"type": "gambar",
"deskripsi": "Konglomerat manufaktur dan pengolahan makanan Amerika",
"img": "https://logoquiz.b-cdn.net/food/questions/food_q3.png",
"answerType": "text",
"jawaban": "Kraft"
},
{
"index": "4",
"type": "gambar",
"deskripsi": "Bumbu, Sop, dan Mie Merk Internasional",
"img": "https://logoquiz.b-cdn.net/food/questions/food_q4.png",
"answerType": "text",
"jawaban": "Maggi"
},
{
"index": "5",
"type": "gambar",
"deskripsi": "Sebuah rantai restoran cepat saji hamburger multinasional Amerika",
"img": "https://logoquiz.b-cdn.net/food/questions/food_q5.png",
"answerType": "text",
"jawaban": "Burger King"
},
{
"index": "6",
"type": "gambar",
"deskripsi": "Perusahaan Vermont yang memproduksi es krim, yogurt beku, dan sorbet",
"img": "https://logoquiz.b-cdn.net/food/questions/food_q6.png",
"answerType": "text",
"jawaban": "Ben & Jerry's"
},
{
"index": "7",
"type": "gambar",
"deskripsi": "Sebuah jaringan restoran fast casual Amerika",
"img": "https://logoquiz.b-cdn.net/food/questions/food_q7.png",
"answerType": "text",
"jawaban": "Chipotle"
},
{
"index": "9",
"type": "gambar",
"deskripsi": "Perusahaan kopi dan donat multinasional Amerika",
"img": "https://logoquiz.b-cdn.net/food/questions/food_q9.png",
"answerType": "text",
"jawaban": "Dunkin' Donuts"
},
{
 "index": "10",
"type": "gambar",
 "deskripsi": "Merek minuman ringan berkarbonasi rasa buah",
 "img": "https://logoquiz.b-cdn.net/food/questions/food_q10.png",
"answerType": "text",
 "jawaban": "Fanta"
},
{
 "index": "11",
"type": "gambar",
 "deskripsi": "Sebuah kue wafer berlapis cokelat",
 "img": "https://logoquiz.b-cdn.net/food/questions/food_q11.png",
"answerType": "text",
 "jawaban": "KitKat"
},
{
 "index": "12",
"type": "gambar",
 "deskripsi": "Sebuah jaringan restoran cepat saji yang berbasis di Amerika",
 "img": "https://logoquiz.b-cdn.net/food/questions/food_q12.png",
"answerType": "text",
 "jawaban": "Taco Bell"
},
{
 "index": "13",
"type": "gambar",
"deskripsi": "Konglomerat makanan Amerika",
"img": "https://logoquiz.b-cdn.net/food/questions/food_q13.png",
"answerType": "text",
"jawaban": "Quaker"
},
{
"index": "16",
"type": "gambar",
"deskripsi": "Sebuah jaringan restoran cepat saji Amerika",
"img": "https://logoquiz.b-cdn.net/food/questions/food_q16.png",
"answerType": "text",
"jawaban": "KFC"
},
{
"index": "17",
"type": "gambar",
"deskripsi": "Sebuah merek Amerika untuk keripik kentang stackable",
"img": "https://logoquiz.b-cdn.net/food/questions/food_q17.png",
"answerType": "text",
"jawaban": "Pringles"
},
{
"index": "18",
"type": "gambar",
"deskripsi": "Minuman energi",
"img": "https://logoquiz.b-cdn.net/food/questions/food_q18.png",
"answerType": "text",
"jawaban": "Red Bull"
},
{
"index": "19",
"type": "gambar",
"deskripsi": "Sebuah merek cokelat batangan",
"img": "https://logoquiz.b-cdn.net/food/questions/food_q19.png",
"answerType": "text",
"jawaban": "Snickers"
},
{
"index": "20",
"type": "gambar",
"deskripsi": "Minuman ringan rasa lemon dan jeruk nipis yang tidak berwarna",
"img": "https://logoquiz.b-cdn.net/food/questions/food_q20.png",
"answerType": "text",
"jawaban": "Sprite"
},
{
"index": "21",
"type": "gambar",
"deskripsi": "Sebuah merek keripik tortilla rasa Amerika",
"img": "https://logoquiz.b-cdn.net/food/questions/food_q21.png",
"answerType": "text",
"jawaban": "Doritos"
},
{
"index": "24",
"type": "gambar",
"deskripsi": "Merek Varietas Keripik Kentang",
"img": "https://logoquiz.b-cdn.net/food/questions/food_q24.png",
"answerType": "text",
"jawaban": "Lays"
},
{
"index": "26",
"type": "gambar",
"deskripsi": "Minuman ringan berkarbonasi",
 "img": "https://logoquiz.b-cdn.net/food/questions/food_q26.png",
"answerType": "text",
 "jawaban": "Coca Cola"
},
{
 "index": "29",
"type": "gambar",
"deskripsi": "Sebuah jaringan restoran pizza multinasional Amerika",
"img": "https://logoquiz.b-cdn.net/food/questions/food_q29.png",
"answerType": "text",
"jawaban": "Domino Pizza"
},
{
"index": "32",
"type": "gambar",
"deskripsi": "Bir lager pucat dengan alkohol 5%",
"img": "https://logoquiz.b-cdn.net/food/questions/food_q32.png",
"answerType": "text",
"jawaban": "heineken"
},
{
"index": "33",
"type": "gambar",
"deskripsi": "Minuman ringan berkarbonasi",
"img": "https://logoquiz.b-cdn.net/food/questions/food_q33.png",
"answerType": "text",
"jawaban": "Pepsi"
},
{
"index": "34",
"type": "gambar",
"deskripsi": "Sebuah perusahaan makanan cepat saji Amerika",
"img": "https://logoquiz.b-cdn.net/food/questions/food_q34.png",
"answerType": "text",
"jawaban": "McDonald's"
},
{
"index": "35",
"type": "gambar",
"deskripsi": "Rantai kedai kopi dan tempat pemanggangan kopi multinasional Amerika",
"img": "https://logoquiz.b-cdn.net/food/questions/food_q35.png",
"answerType": "text",
"jawaban": "Starbucks"
},
{
"index": "37",
"type": "gambar",
"deskripsi": "Minuman energi yang diperkenalkan oleh Hansen Natural Company",
"img": "https://logoquiz.b-cdn.net/food/questions/food_q37.png",
"answerType": "text",
"jawaban": "Monster"
},
{
"index": "38",
"type": "gambar",
"deskripsi": "Sebuah jaringan restoran Amerika dan waralaba internasional",
"img": "https://logoquiz.b-cdn.net/food/questions/food_q38.png",
"answerType": "text",
"jawaban": "Pizza Hut"
},
{
"index": "39",
"type": "gambar",
"deskripsi": "sistem operasi robot hijau milik google yang biasa digunakan pada Smartphone",
"img": "https://raw.githubusercontent.com/azinker/LogoQuiz/master/images/logos/android.png",
"answerType": "text",
"jawaban": "Android"
},
{
"index": "40",
"type": "gambar",
"deskripsi": "perangkat lunak yang dimilikinya adalah pdf reader, Photoshop, Lightroom dll.",
"img": "https://raw.githubusercontent.com/azinker/LogoQuiz/master/images/logos/adobe.png",
"answerType": "text",
"jawaban": "Adobe"
},
{
"index": "41",
"type": "gambar",
"deskripsi": "browser andalan Google",
"img": "https://raw.githubusercontent.com/azinker/LogoQuiz/master/images/logos/chrome.png",
"answerType": "text",
"jawaban": "Chrome"
},
{
"index": "42",
"type": "gambar",
"deskripsi": "perangkat lunak email dari google",
"img": "https://raw.githubusercontent.com/azinker/LogoQuiz/master/images/logos/gmail.png",
"answerType": "text",
"jawaban": "Gmail"
},
{
"index": "44",
"type": "gambar",
"deskripsi": "Situs media sosial pada tempatnya para pendongeng handal",
"img": "https://raw.githubusercontent.com/azinker/LogoQuiz/master/images/logos/twitter.png",
"answerType": "text",
"jawaban": "Twitter"
},
{
"index": "45",
"type": "gambar",
"deskripsi": "cafe/Perusahaan kopi paling terkenal di dunia",
"img": "https://raw.githubusercontent.com/azinker/LogoQuiz/master/images/logos/starbucks.png",
"answerType": "text",
"jawaban": "Starbucks"
},
{
"index": "46",
"type": "gambar",
"deskripsi": "Salah satu konsol game terbaik",
"img": "https://raw.githubusercontent.com/azinker/LogoQuiz/master/images/logos/xbox.png",
"answerType": "text",
"jawaban": "Xbox"
},
{
"index": "101",
"type": "gambar",
"deskripsi": "merk fashion mewah Prancis",
"img": "https://logoquiz.b-cdn.net/fashion/questions/fash_q1.png",
"answerType": "text",
"jawaban": "Channel"
},
{
"index": "107",
"type": "gambar",
"deskripsi": "Produsen pakaian Amerika, yang mengkhususkan diri dalam pakaian olahraga",
"img": "https://logoquiz.b-cdn.net/fashion/questions/fash_q7.png",
"answerType": "text",
"jawaban": "Champion"
},
{
"index": "108",
"type": "gambar",
"deskripsi": "Perusahaan rumah mode dan barang mewah Prancis",
"img": "https://logoquiz.b-cdn.net/fashion/questions/fash_q8.png",
"answerType": "text",
"jawaban": "Louis Vuitton"
},
{
"index": "110",
"type": "gambar",
"deskripsi": "Sebuah perusahaan pakaian Amerika",
"img": "https://logoquiz.b-cdn.net/fashion/questions/fash_q10.png",
"answerType": "text",
"jawaban": "Levi's"
},
{
"index": "111",
"type": "gambar",
"deskripsi": "Produsen jam tangan mewah yang berbasis di Jenewa, Swiss.",
"img": "https://logoquiz.b-cdn.net/fashion/questions/fash_q11.png",
"answerType": "text",
"jawaban": "rolex"
},
{
"index": "112",
"type": "gambar",
"deskripsi": "Sebuah perusahaan manufaktur pakaian jadi yang terkenal dengan merek terbesarnya",
"img": "https://logoquiz.b-cdn.net/fashion/questions/fash_q12.png",
"answerType": "text",
"jawaban": "Dickies"
},
{
"index": "114",
"type": "gambar",
 "deskripsi": "Perusahaan yang memproduksi dan mendistribusikan pakaian luar, pakaian olahraga, dan alas kaki",
 "img": "https://logoquiz.b-cdn.net/fashion/questions/fash_q14.png",
"answerType": "text",
 "jawaban": "Columbia"
},
{
 "index": "116",
"type": "gambar",
 "deskripsi": "Produsen barang mewah Prancis",
 "img": "https://logoquiz.b-cdn.net/fashion/questions/fash_q16.png",
"answerType": "text",
 "jawaban": "Hermes Paris"
},
{
 "index": "117",
"type": "gambar",
"deskripsi": "Sebuah toko skateboard dan merek pakaian yang berbasis di London",
"img": "https://logoquiz.b-cdn.net/fashion/questions/fash_q17.png",
"answerType": "text",
"jawaban": "Palace"
},
{
"index": "118",
"type": "gambar",
"deskripsi": "Merek pakaian olahraga Italia berkualitas tinggi",
"img": "https://logoquiz.b-cdn.net/fashion/questions/fash_q18.png",
"answerType": "text",
"jawaban": "Kappa"
},
{
"index": "119",
"type": "gambar",
"deskripsi": "Sebuah rumah mode mewah Inggris yang berkantor pusat di London",
"img": "https://logoquiz.b-cdn.net/fashion/questions/fash_q19.png",
"answerType": "text",
"jawaban": "Burberry"
},
{
"index": "120",
"type": "gambar",
 "deskripsi": "Perusahaan multinasional Jerman",
 "img": "https://logoquiz.b-cdn.net/fashion/questions/fash_q20.png",
"answerType": "text",
 "jawaban": "Puma"
},
{
 "index": "121",
"type": "gambar",
 "deskripsi": "Perusahaan alas kaki dan pakaian Inggris-Amerika",
 "img": "https://logoquiz.b-cdn.net/fashion/questions/fash_q21.png",
"answerType": "text",
 "jawaban": "Reebok"
},
{
"index": "125",
"type": "gambar",
"deskripsi": "Sebuah perusahaan pakaian ritel Italia, berlokasi di Breganze",
"img": "https://logoquiz.b-cdn.net/fashion/questions/fash_q25.png",
"answerType": "text",
"jawaban": "Diesel"
},
{
"index": "126",
"type": "gambar",
"deskripsi": "Produsen pakaian olahraga yang mendesain sepatu dan pakaian",
"img": "https://logoquiz.b-cdn.net/fashion/questions/fash_q26.png",
"answerType": "text",
"jawaban": "Fila"
},
{
"index": "127",
"type": "gambar",
"deskripsi": "Perusahaan mode dan nama dagang mewah Italia",
"img": "https://logoquiz.b-cdn.net/fashion/questions/fash_q27.png",
"answerType": "text",
"jawaban": "Versace"
},
{
"index": "129",
"type": "gambar",
 "deskripsi": "Sebuah merek ritel remaja dan dewasa muda global",
 "img": "https://logoquiz.b-cdn.net/fashion/questions/fash_q29.png",
"answerType": "text",
 "jawaban": "Hollister"
},
{
 "index": "133",
"type": "gambar",
 "deskripsi": "Sebuah perusahaan multinasional Amerika yang bergerak di bidang desain, pengembangan, manufaktur",
 "img": "https://logoquiz.b-cdn.net/fashion/questions/fash_q33.png",
"answerType": "text",
 "jawaban": "Nike"
},
{
 "index": "136",
"type": "gambar",
 "deskripsi": "Perusahaan induk fashion multinasional",
 "img": "https://logoquiz.b-cdn.net/fashion/questions/fash_q36.png",
"answerType": "text",
 "jawaban": "Calvin Klein"
},
{
 "index": "138",
"type": "gambar",
"deskripsi": "Sebuah perusahaan peralatan olahraga Amerika yang memproduksi alas kaki, pakaian olahraga dan pakaian kasual",
"img": "https://logoquiz.b-cdn.net/fashion/questions/fash_q38.png",
"answerType": "text",
"jawaban": "Fred Perry"
},
{
"index": "201",
"type": "gambar",
"deskripsi": "Perusahaan teknologi multinasional Amerika",
"img": "https://logoquiz.b-cdn.net/technology/questions/tech_q1.png",
"answerType": "text",
"jawaban": "Apple"
},
{
"index": "202",
"type": "gambar",
 "deskripsi": "Keluarga teknologi kompresi audio",
 "img": "https://logoquiz.b-cdn.net/technology/questions/tech_q2.png",
"answerType": "text",
 "jawaban": "Dolby"
},
{
 "index": "203",
"type": "gambar",
 "deskripsi": "Sebuah perusahaan konglomerat multinasional Belanda",
 "img": "https://logoquiz.b-cdn.net/technology/questions/tech_q3.png",
"answerType": "text",
 "jawaban": "Philips"
},
{
 "index": "204",
"type": "gambar",
 "deskripsi": "Sebuah perusahaan teknologi multinasional Cina yang mengkhususkan diri dalam e-commerce,",
 "img": "https://logoquiz.b-cdn.net/technology/questions/tech_q4.png",
"answerType": "text",
 "jawaban": "Alibaba"
},
{
 "index": "206",
"type": "gambar",
"deskripsi": "Konglomerat teknologi multinasional Amerika",
"img": "https://logoquiz.b-cdn.net/technology/questions/tech_q6.png",
"answerType": "text",
"jawaban": "Cisco"
},
{
"index": "207",
"type": "gambar",
"deskripsi": "Sebuah perusahaan multinasional Amerika dan perusahaan teknologi",
"img": "https://logoquiz.b-cdn.net/technology/questions/tech_q7.png",
"answerType": "text",
"jawaban": "Intel"
},
{
"index": "208",
"type": "gambar",
"deskripsi": "Perusahaan perangkat lunak komputer multinasional Amerika.",
"img": "https://logoquiz.b-cdn.net/technology/questions/tech_q8.png",
"answerType": "text",
"jawaban": "Adobe"
},
{
"index": "209",
"type": "gambar",
"deskripsi": "Perangkat seluler merek Prancis/Cina",
"img": "https://logoquiz.b-cdn.net/technology/questions/tech_q9.png",
"answerType": "text",
"jawaban": "Alcatel"
},
{
"index": "210",
"type": "gambar",
"deskripsi": "Sebuah perusahaan teknologi multinasional Amerika",
"img": "https://logoquiz.b-cdn.net/technology/questions/tech_q10.png",
"answerType": "text",
"jawaban": "Amazon"
},
{
"index": "211",
"type": "gambar",
"deskripsi": "Sebuah perusahaan semikonduktor multinasional Amerika",
"img": "https://logoquiz.b-cdn.net/technology/questions/tech_q11.png",
"answerType": "text",
"jawaban": "AMD"
},
{
"index": "212",
"type": "gambar",
"deskripsi": "Perusahaan perangkat keras dan elektronik komputer dan telepon multinasional Taiwan",
"img": "https://logoquiz.b-cdn.net/technology/questions/tech_q12.png",
"answerType": "text",
"jawaban": "ASUS"
},
{
"index": "214",
"type": "gambar",
"deskripsi": "Sebuah perusahaan teknologi komputer multinasional Amerika",
"img": "https://logoquiz.b-cdn.net/technology/questions/tech_q14.png",
"answerType": "text",
"jawaban": "Dell"
},
{
 "index": "215",
"type": "gambar",
 "deskripsi": "Perusahaan elektronik dan kebugaran konsumen Amerika",
 "img": "https://logoquiz.b-cdn.net/technology/questions/tech_q15.png",
"answerType": "text",
 "jawaban": "Fitbit"
},
{
 "index": "216",
"type": "gambar",
 "deskripsi": "Perusahaan peralatan dan jasa teknologi informasi dan komunikasi multinasional Jepang",
 "img": "https://logoquiz.b-cdn.net/technology/questions/tech_q16.png",
"answerType": "text",
 "jawaban": "Fujitsu"
},
{
 "index": "217",
"type": "gambar",
 "deskripsi": "Sebuah pasar online untuk penginapan, terutama homestay untuk persewaan liburan, dan kegiatan pariwisata.",
"img": "https://logoquiz.b-cdn.net/technology/questions/tech_q17.png",
"answerType": "text",
"jawaban": "Airbnb"
},
{
"index": "218",
"type": "gambar",
"deskripsi": "Sebuah perusahaan teknologi multinasional Cina",
"img": "https://logoquiz.b-cdn.net/technology/questions/tech_q18.png",
"answerType": "text",
"jawaban": "Huawei"
},
{
"index": "219",
"type": "gambar",
"deskripsi": "Subsindexiaries komunikasi seluler dari perusahaan telekomunikasi Jerman",
"img": "https://logoquiz.b-cdn.net/technology/questions/tech_q19.png",
"answerType": "text",
"jawaban": "T-Mobile"
},
{
"index": "220",
"type": "gambar",
"deskripsi": "Perusahaan konglomerat multinasional Korea Selatan",
"img": "https://logoquiz.b-cdn.net/technology/questions/tech_q20.png",
"answerType": "text",
"jawaban": "LG"
},
{
"index": "221",
"type": "gambar",
"deskripsi": "Sebuah perusahaan teknologi multinasional Amerika",
"img": "https://logoquiz.b-cdn.net/technology/questions/tech_q21.png",
"answerType": "text",
"jawaban": "Microsoft"
},
{
"index": "222",
"type": "gambar",
"deskripsi": "Sebuah perusahaan telekomunikasi multinasional Amerika",
"img": "https://logoquiz.b-cdn.net/technology/questions/tech_q22.png",
"answerType": "text",
"jawaban": "Motorola"
},
{
"index": "223",
"type": "gambar",
"deskripsi": "Sebuah perusahaan teknologi multinasional Amerika",
"img": "https://logoquiz.b-cdn.net/technology/questions/tech_q23.png",
"answerType": "text",
"jawaban": "Nvidia"
},
{
"index": "224",
"type": "gambar",
"deskripsi": "Produsen elektronik konsumen Cina, perusahaan Amerika yang mengoperasikan pembayaran online",
"img": "https://logoquiz.b-cdn.net/technology/questions/tech_q24.png",
"answerType": "text",
"jawaban": "Oneplus"
},
{
"index": "225",
"type": "gambar",
"deskripsi": "Sebuah perusahaan Amerika yang mengoperasikan sistem pembayaran online",
"img": "https://logoquiz.b-cdn.net/technology/questions/tech_q25.png",
"answerType": "text",
"jawaban": "Paypal"
},
{
"index": "227",
"type": "gambar",
"deskripsi": "Konglomerat multinasional Korea Selatan",
"img": "https://logoquiz.b-cdn.net/technology/questions/tech_q27.png",
"answerType": "text",
"jawaban": "Samsung"
},
{
"index": "228",
"type": "gambar",
"deskripsi": "Sebuah perusahaan penyimpanan data Amerika",
"img": "https://logoquiz.b-cdn.net/technology/questions/tech_q28.png",
"answerType": "text",
"jawaban": "Seagate"
},
{
"index": "229",
"type": "gambar",
"deskripsi": "Perusahaan jaringan dan telekomunikasi multinasional Swedia",
"img": "https://logoquiz.b-cdn.net/technology/questions/tech_q29.png",
"answerType": "text",
"jawaban": "Ericsson"
},
{
"index": "230",
"type": "gambar",
"deskripsi": "Produsen produk audio konsumen Amerika",
"img": "https://logoquiz.b-cdn.net/technology/questions/tech_q30.png",
"answerType": "text",
"jawaban": "Beats"
},
{
"index": "231",
"type": "gambar",
"deskripsi": "elektronik multinasional Cina",
"img": "https://logoquiz.b-cdn.net/technology/questions/tech_q31.png",
"answerType": "text",
"jawaban": "Xiaomi"
},
{
"index": "232",
"type": "gambar",
"deskripsi": "Sebuah perusahaan teknologi Amerika",
"img": "https://logoquiz.b-cdn.net/technology/questions/tech_q32.png",
"answerType": "text",
"jawaban": "Uber"
},
{
"index": "233",
"type": "gambar",
"deskripsi": "Platform video online milik Google.",
"img": "https://logoquiz.b-cdn.net/technology/questions/tech_q33.png",
"answerType": "text",
"jawaban": "Youtube"
},
{
"index": "234",
"type": "gambar",
"deskripsi": "Layanan microblogging dan jejaring sosial Amerika",
"img": "https://logoquiz.b-cdn.net/technology/questions/tech_q34.png",
"answerType": "text",
"jawaban": "Twitter"
},
{
"index": "235",
"type": "gambar",
"deskripsi": "Merek smartphone, tablet, dan layanan",
"img": "https://logoquiz.b-cdn.net/technology/questions/tech_q35.png",
"answerType": "text",
"jawaban": "Blackberry"
},
{
"index": "236",
"type": "gambar",
"deskripsi": "Layanan file hosting yang dioperasikan oleh perusahaan Amerika",
"img": "https://logoquiz.b-cdn.net/technology/questions/tech_q36.png",
"answerType": "text",
"jawaban": "Dropbox"
},
{
"index": "237",
"type": "gambar",
"deskripsi": "Layanan media sosial dan jejaring sosial online Amerika",
"img": "https://logoquiz.b-cdn.net/technology/questions/tech_q37.png",
"answerType": "text",
"jawaban": "Facebook"
},
{
"index": "238",
"type": "gambar",
"deskripsi": "Sebuah perusahaan teknologi multinasional Amerika",
"img": "https://logoquiz.b-cdn.net/technology/questions/tech_q38.png",
"answerType": "text",
"jawaban": "Google"
},
{
"index": "239",
"type": "gambar",
"deskripsi": "Aplikasi perpesanan multimedia Amerika",
"img": "https://logoquiz.b-cdn.net/technology/questions/tech_q39.png",
"answerType": "text",
"jawaban": "Snapchat"
},
{
"index": "301",
"type": "gambar",
"deskripsi": "Platform konten dan perusahaan produksi Amerika Serikat",
"img": "https://logoquiz.b-cdn.net/entertaiment/questions/ente_q1.png",
"answerType": "text",
"jawaban": "Netflix"
},
{
"index": "302",
"type": "gambar",
"deskripsi": "Perusahaan elektronik konsumen dan video game multinasional Jepang",
"img": "https://logoquiz.b-cdn.net/entertaiment/questions/ente_q2.png",
"answerType": "text",
"jawaban": "Nintendo"
},
{
"index": "303",
"type": "gambar",
"deskripsi": "Sebuah studio film dan taman hiburan di area San Fernando Valley di Los Angeles County, California.",
"img": "https://logoquiz.b-cdn.net/entertaiment/questions/ente_q3.png",
"answerType": "text",
"jawaban": "Universal Studios"
},
{
"index": "304",
"type": "gambar",
"deskripsi": "Sebuah waralaba media yang dibuat oleh Robert Kirkman",
"img": "https://logoquiz.b-cdn.net/entertaiment/questions/ente_q4.png",
"answerType": "text",
"jawaban": "The Walking Dead"
},
{
"index": "305",
"type": "gambar",
"deskripsi": "Penerbit game video Prancis yang berbasis di Paris",
"img": "https://logoquiz.b-cdn.net/entertaiment/questions/ente_q5.png",
"answerType": "text",
"jawaban": "Gameloft"
},
{
"index": "306",
"type": "gambar",
"deskripsi": "Serial televisi drama fantasi Amerika",
"img": "https://logoquiz.b-cdn.net/entertaiment/questions/ente_q6.png",
"answerType": "text",
"jawaban": "Game of Thrones"
},
{
"index": "307",
"type": "gambar",
 "deskripsi": "Sebuah jaringan televisi berbayar multinasional Amerika dan saluran utama",
 "img": "https://logoquiz.b-cdn.net/entertaiment/questions/ente_q7.png",
"answerType": "text",
 "jawaban": "Discovery"
},
{
 "index": "308",
"type": "gambar",
 "deskripsi": "Sebuah permainan papan yang saat ini diterbitkan oleh Hasbro",
 "img": "https://logoquiz.b-cdn.net/entertaiment/questions/ente_q8.png",
"answerType": "text",
 "jawaban": "Monopoly"
},
  {
 "index": "309",
"type": "gambar",
 "deskripsi": "Konglomerat hiburan, permainan video, dan perjudian Jepang",
 "img": "https://logoquiz.b-cdn.net/entertaiment/questions/ente_q9.png",
"answerType": "text",
 "jawaban": "Konami"
},
{
 "index": "311",
"type": "gambar",
 "deskripsi": "Pengembang dan penerbit game video multinasional Jepang",
 "img": "https://logoquiz.b-cdn.net/entertaiment/questions/ente_q11.png",
"answerType": "text",
 "jawaban": "Bandai Namco"
},
{
"index": "313",
"type": "gambar",
"deskripsi": "Konglomerat media massa dan hiburan multinasional Amerika yang terdiversifikasi",
"img": "https://logoquiz.b-cdn.net/entertaiment/questions/ente_q13.png",
"answerType": "text",
"jawaban": "Warner Bros"
},
{
"index": "314",
"type": "gambar",
"deskripsi": "Penerbit game video Amerika yang berbasis di New York City",
"img": "https://logoquiz.b-cdn.net/entertaiment/questions/ente_q14.png",
"answerType": "text",
"jawaban": "Rockstar Games"
},
{
"index": "315",
"type": "gambar",
"deskripsi": "Sebuah waralaba media yang berpusat pada serangkaian film aksi",
 "img": "https://logoquiz.b-cdn.net/entertaiment/questions/ente_q15.png",
"answerType": "text",
 "jawaban": "Fast & Furious"
},
{
 "index": "317",
"type": "gambar",
 "deskripsi": "Penerbit game video Amerika yang berbasis di Santa Monica, California",
 "img": "https://logoquiz.b-cdn.net/entertaiment/questions/ente_q17.png",
"answerType": "text",
 "jawaban": "Activision"
},
{
"index": "319",
"type": "gambar",
"deskripsi": "Seorang pengusaha Amerika, animator, penulis, pengisi suara, dan produser film",
"img": "https://logoquiz.b-cdn.net/entertaiment/questions/ente_q19.png",
"answerType": "text",
"jawaban": "WaltDisney"
},
{
"index": "321",
"type": "gambar",
"deskripsi": "Layanan video langganan Amerika atas permintaan streaming",
"img": "https://logoquiz.b-cdn.net/entertaiment/questions/ente_q21.png",
"answerType": "text",
"jawaban": "HBO Max"
},
{
"index": "323",
"type": "gambar",
"deskripsi": "Film petualangan fiksi ilmiah Amerika Serikat tahun 2015",
"img": "https://logoquiz.b-cdn.net/entertaiment/questions/ente_q23.png",
"answerType": "text",
"jawaban": "Jurassic World"
},
{
"index": "324",
"type": "gambar",
"deskripsi": "Apakah studio film Amerika",
"img": "https://logoquiz.b-cdn.net/entertaiment/questions/ente_q24.png",
"answerType": "text",
"jawaban": "Century Fox"
},
{
"index": "326",
"type": "gambar",
"deskripsi": "Perusahaan hiburan Amerika",
"img": "https://logoquiz.b-cdn.net/entertaiment/questions/ente_q26.png",
"answerType": "text",
"jawaban": "Marvel"
},
{
"index": "328",
"type": "gambar",
"deskripsi": "Merek dari beberapa saluran televisi",
"img": "https://logoquiz.b-cdn.net/entertaiment/questions/ente_q28.png",
"answerType": "text",
"jawaban": "Paramount"
},
{
"index": "329",
"type": "gambar",
"deskripsi": "Pengembang dan penerbit game video multinasional Jepang yang berkantor pusat di Shinagawa",
"img": "https://logoquiz.b-cdn.net/entertaiment/questions/ente_q29.png",
"answerType": "text",
"jawaban": "Sega"
},
{
"index": "330",
"type": "gambar",
"deskripsi": "Sebuah waralaba media opera ruang angkasa epik Amerika",
 "img": "https://logoquiz.b-cdn.net/entertaiment/questions/ente_q30.png",
"answerType": "text",
 "jawaban": "Star Wars"
},
{
 "index": "331",
"type": "gambar",
 "deskripsi": "Perusahaan induk konglomerat teknologi multinasional Cina",
 "img": "https://logoquiz.b-cdn.net/entertaiment/questions/ente_q31.png",
"answerType": "text",
 "jawaban": "Tencent Games"
},
{
 "index": "332",
"type": "gambar",
 "deskripsi": "Film fiksi ilmiah 1984",
 "img": "https://logoquiz.b-cdn.net/entertaiment/questions/ente_q32.png",
"answerType": "text",
 "jawaban": "Terminator"
},
{
 "index": "333",
"type": "gambar",
 "deskripsi": "Layanan jejaring sosial berbagi video",
 "img": "https://logoquiz.b-cdn.net/entertaiment/questions/ente_q33.png",
"answerType": "text",
 "jawaban": "Tik Tok"
},
{
 "index": "334",
"type": "gambar",
 "deskripsi": "Film epik romansa dan bencana Amerika 1997",
 "img": "https://logoquiz.b-cdn.net/entertaiment/questions/ente_q34.png",
"answerType": "text",
 "jawaban": "Titanic"
},
{
 "index": "335",
"type": "gambar",
 "deskripsi": "Platform distribusi audio online dan situs web berbagi musik",
 "img": "https://logoquiz.b-cdn.net/entertaiment/questions/ente_q35.png",
"answerType": "text",
 "jawaban": "Soundcloud"
},
{
 "index": "336",
"type": "gambar",
 "deskripsi": "Perusahaan video game Prancis",
 "img": "https://logoquiz.b-cdn.net/entertaiment/questions/ente_q36.png",
"answerType": "text",
"jawaban": "Ubisoft"
},
{
"index": "337",
"type": "gambar",
"deskripsi": "Sederetan mainan konstruksi plastik",
"img": "https://logoquiz.b-cdn.net/entertaiment/questions/ente_q37.png",
"answerType": "text",
"jawaban": "Lego"
},
{
"index": "338",
"type": "gambar",
"deskripsi": "Sebuah VoIP, pesan singkat dan platform distribusi digital",
"img": "https://logoquiz.b-cdn.net/entertaiment/questions/ente_q38.png",
"answerType": "text",
"jawaban": "Discord"
},
{
"index": "339",
"type": "gambar",
"deskripsi": "Penyedia layanan streaming audio dan media Swedia",
"img": "https://logoquiz.b-cdn.net/entertaiment/questions/ente_q39.png",
"answerType": "text",
"jawaban": "Spotify"
},
{
"index": "402",
"type": "gambar",
"deskripsi": "Sebuah divisi dari produsen mobil Amerika",
"img": "https://logoquiz.b-cdn.net/Automotive/questions/auto_q2.png",
"answerType": "text",
"jawaban": "Cadillac"
},
{
"index": "403",
"type": "gambar",
"deskripsi": "Sebuah divisi mobil Amerika",
"img": "https://logoquiz.b-cdn.net/Automotive/questions/auto_q3.png",
"answerType": "text",
"jawaban": "Chevrolet"
},
{
"index": "404",
"type": "gambar",
"deskripsi": "Marque otomotif Inggris didirikan pada tahun 1969",
"img": "https://logoquiz.b-cdn.net/Automotive/questions/auto_q4.png",
"answerType": "text",
"jawaban": "Mini Cooper"
},
{
"index": "405",
"type": "gambar",
"deskripsi": "Produsen mobil Jerman yang mengkhususkan diri pada mobil sport, SUV, dan sedan performa tinggi",
"img": "https://logoquiz.b-cdn.net/Automotive/questions/auto_q5.png",
"answerType": "text",
"jawaban": "Porsche"
},
{
"index": "406",
"type": "gambar",
"deskripsi": "Produsen mobil Prancis.",
"img": "https://logoquiz.b-cdn.net/Automotive/questions/auto_q6.png",
"answerType": "text",
"jawaban": "Citroen"
},
{
"index": "408",
"type": "gambar",
 "deskripsi": "Apakah divisi kendaraan mewah dari produsen mobil Jepang Nissan",
 "img": "https://logoquiz.b-cdn.net/Automotive/questions/auto_q8.png",
"answerType": "text",
 "jawaban": "infiniti"
},
{
 "index": "409",
"type": "gambar",
 "deskripsi": "Merupakan merek kendaraan mewah Land Rover",
 "img": "https://logoquiz.b-cdn.net/Automotive/questions/auto_q9.png",
"answerType": "text",
 "jawaban": "Jaguar"
},
{
 "index": "410",
"type": "gambar",
 "deskripsi": "Pabrik kendaraan bermotor Jerman yang didirikan pada tahun 1937",
 "img": "https://logoquiz.b-cdn.net/Automotive/questions/auto_q10.png",
"answerType": "text",
 "jawaban": "VolksWagen"
},
{
 "index": "411",
"type": "gambar",
 "deskripsi": "Pembuat mobil multinasional Jepang",
"img": "https://logoquiz.b-cdn.net/Automotive/questions/auto_q11.png",
"answerType": "text",
"jawaban": "Lexus"
},
{
"index": "412",
"type": "gambar",
"deskripsi": "Produsen mobil Prancis.",
"img": "https://logoquiz.b-cdn.net/Automotive/questions/auto_q12.png",
"answerType": "text",
"jawaban": "Peugeot"
},
{
"index": "413",
"type": "gambar",
"deskripsi": "Sekelompok perusahaan multinasional Jepang yang otonom di berbagai industri.",
"img": "https://logoquiz.b-cdn.net/Automotive/questions/auto_q13.png",
"answerType": "text",
"jawaban": "Mitsubishi"
},
{
"index": "414",
"type": "gambar",
"deskripsi": "Sebuah perusahaan multinasional Jepang yang berkantor pusat di Minami-ku, Hamamatsu",
 "img": "https://logoquiz.b-cdn.net/Automotive/questions/auto_q14.png",
"answerType": "text",
 "jawaban": "Suzuki"
},
{
 "index": "415",
"type": "gambar",
 "deskripsi": "Produsen independen Inggris untuk mobil sport mewah dan grand tourer",
 "img": "https://logoquiz.b-cdn.net/Automotive/questions/auto_q15.png",
"answerType": "text",
 "jawaban": "Aston Martin"
},
{
 "index": "416",
"type": "gambar",
 "deskripsi": "Produsen dan pemasar mobil mewah dan SUV Inggris",
 "img": "https://logoquiz.b-cdn.net/Automotive/questions/auto_q16.png",
"answerType": "text",
 "jawaban": "Bentley"
},
{
 "index": "417",
"type": "gambar",
 "deskripsi": "Produsen mobil Prancis dengan performa tinggi,",
 "img": "https://logoquiz.b-cdn.net/Automotive/questions/auto_q17.png",
"answerType": "text",
 "jawaban": "Bugatti"
},
{
 "index": "418",
"type": "gambar",
 "deskripsi": "Produsen mobil Jerman",
 "img": "https://logoquiz.b-cdn.net/Automotive/questions/auto_q18.png",
"answerType": "text",
 "jawaban": "Audi"
},
{
 "index": "420",
"type": "gambar",
 "deskripsi": "Sebuah merek mobil Amerika dan sebuah divisi dari Stellantis",
 "img": "https://logoquiz.b-cdn.net/Automotive/questions/auto_q20.png",
"answerType": "text",
 "jawaban": "Dodge"
},
{
"index": "421",
"type": "gambar",
"deskripsi": "Produsen mobil sport mewah Italia yang berbasis di Maranello, Italia.",
"img": "https://logoquiz.b-cdn.net/Automotive/questions/auto_q21.png",
"answerType": "text",
"jawaban": "Ferrari"
},
{
"index": "422",
"type": "gambar",
"deskripsi": "Produsen mobil Italia",
"img": "https://logoquiz.b-cdn.net/Automotive/questions/auto_q22.png",
"answerType": "text",
"jawaban": "Fiat"
},
{
"index": "423",
"type": "gambar",
"deskripsi": "Pembuat mobil multinasional Amerika",
"img": "https://logoquiz.b-cdn.net/Automotive/questions/auto_q23.png",
"answerType": "text",
"jawaban": "Ford"
},
{
"index": "424",
"type": "gambar",
"deskripsi": "Produsen konglomerat publik multinasional Jepang untuk mobil, sepeda motor, dan peralatan listrik",
"img": "https://logoquiz.b-cdn.net/Automotive/questions/auto_q24.png",
"answerType": "text",
"jawaban": "Honda"
},
{
"index": "425",
"type": "gambar",
"deskripsi": "Produsen otomotif multinasional Korea Selatan",
"img": "https://logoquiz.b-cdn.net/Automotive/questions/auto_q25.png",
"answerType": "text",
"jawaban": "Hyundai"
},
{
"index": "426",
"type": "gambar",
"deskripsi": "Produsen mobil sport performa tinggi Swedia",
"img": "https://logoquiz.b-cdn.net/Automotive/questions/auto_q26.png",
"answerType": "text",
"jawaban": "Koenigsegg"
},
{
 "index": "430",
"type": "gambar",
 "deskripsi": "Pembuat mobil multinasional Jepang",
 "img": "https://logoquiz.b-cdn.net/Automotive/questions/auto_q30.png",
"answerType": "text",
 "jawaban": "Mazda"
},
{
 "index": "431",
"type": "gambar",
 "deskripsi": "Produsen mobil multinasional Jepang",
"img": "https://logoquiz.b-cdn.net/Automotive/questions/auto_q31.png",
"answerType": "text",
"jawaban": "Nissan"
},
{
"index": "432",
"type": "gambar",
"deskripsi": "Produsen mobil Jerman",
"img": "https://logoquiz.b-cdn.net/Automotive/questions/auto_q32.png",
"answerType": "text",
"jawaban": "Opel"
},
{
"index": "433",
"type": "gambar",
"deskripsi": "Produsen mobil multinasional Prancis yang didirikan pada tahun 1899.",
"img": "https://logoquiz.b-cdn.net/Automotive/questions/auto_q33.png",
"answerType": "text",
"jawaban": "Renault"
},
{
"index": "435",
"type": "gambar",
"deskripsi": "Produsen mobil Spanyol",
"img": "https://logoquiz.b-cdn.net/Automotive/questions/auto_q35.png",
"answerType": "text",
"jawaban": "Seat"
},
{
"index": "437",
"type": "gambar",
"deskripsi": "Apakah divisi manufaktur mobil dari konglomerat transportasi Jepang",
"img": "https://logoquiz.b-cdn.net/Automotive/questions/auto_q37.png",
"answerType": "text",
"jawaban": "Subaru"
},
{
  "index": "501",
  "type": "gambar",
   "deskripsi": "Perusahaan Motor Amerika Serikat",
   "img": "https://raw.githubusercontent.com/yesh0907/Logoquiz-3.0/master/public/img/q_harley_davidson.png",
  "answerType": "text",
   "jawaban": "Harley Davidson"
 },
{
    "index": "502",
    "type": "gambar",
     "deskripsi": "Merek Minuman Kopi dari Swiss",
     "img": "https://raw.githubusercontent.com/yesh0907/Logoquiz-3.0/master/public/img/q_nescafe.png",
    "answerType": "text",
     "jawaban": "Nescafe"
},
{
"index": "438",
"type": "gambar",
 "deskripsi": "Perusahaan manufaktur multinasional Swedia",
 "img": "https://logoquiz.b-cdn.net/Automotive/questions/auto_q38.png",
"answerType": "text",
 "jawaban": "Volvo"
},
{
 "index": "439",
"type": "gambar",
 "deskripsi": "Sebuah perusahaan multinasional Jerman yang memproduksi kendaraan mewah dan sepeda motor.",
 "img": "https://logoquiz.b-cdn.net/Automotive/questions/auto_q39.png",
"answerType": "text",
 "jawaban": "BMW"
}
 ]
